﻿<?xml version="1.0"?>
<doc>
<assembly>
<name>
YGZipLib
</name>
</assembly>
<members>
<member name="F:YGZipLib.Common.PartInfoClass.fileName">
 <summary>file-name</summary>
</member>
<member name="F:YGZipLib.Common.PartInfoClass.fileCreateTimeStamp">
 <summary>Creation timestamp of the stored file</summary>
</member>
<member name="F:YGZipLib.Common.PartInfoClass.fileModifyTimeStamp">
 <summary>Update timestamp of the stored file</summary>
</member>
<member name="F:YGZipLib.Common.PartInfoClass.fileAccessTimeStamp">
 <summary>Access time stamp of stored files</summary>
</member>
<member name="F:YGZipLib.Common.PartInfoClass.fileAttribute">
 <summary>file attributes</summary>
</member>
<member name="F:YGZipLib.Common.PartInfoClass.compressionOption">
 <summary>Compression Options</summary>
</member>
<member name="F:YGZipLib.Common.PartInfoClass.encryptionOption">
 <summary>Encryption Options</summary>
</member>
<member name="F:YGZipLib.Common.PartInfoClass.password">
 <summary>Encryption Password</summary>
</member>
<member name="F:YGZipLib.Common.PartInfoClass.pk0102Header">
 <summary>PK0102Header</summary>
</member>
<member name="F:YGZipLib.Common.PartInfoClass.pk0304HeaderPos">
 <summary>PK0304Header position</summary>
</member>
<member name="F:YGZipLib.Common.PartInfoClass.pk0304Header">
 <summary>PK0304Header</summary>
</member>
<member name="F:YGZipLib.Common.PartInfoClass.pk0708Header">
 <summary>PK0708Header</summary>
</member>
<member name="F:YGZipLib.Common.PartInfoClass.ntfsTimestampExtraData">
 <summary>NTFS TimeStamp ExtraData</summary>
</member>
<member name="F:YGZipLib.Common.PartInfoClass.aesExtraData">
 <summary>AES ExtraData</summary>
</member>
<member name="F:YGZipLib.Common.PartInfoClass.zip64ExtraData">
 <summary>Zip64 ExtraData</summary>
</member>
<member name="F:YGZipLib.Common.PartInfoClass.writeDataDescriptor">
 <summary>Outputs DataDescriptor(PK0708)</summary>
</member>
<member name="P:YGZipLib.Common.PartInfoClass.IsDirectory">
 <summary>directory.</summary>
</member>
<member name="M:YGZipLib.Common.ShareMethodClass.ReadStream(System.IO.Stream,System.Byte[])">
 <summary>
 Retrieve buffers worth of data from the stream
 </summary>
 <param name="inputStream"></param>
 <param name="buffer"></param>
 <remarks></remarks>
</member>
<member name="M:YGZipLib.Common.ShareMethodClass.StreamReadBuffer(System.IO.Stream,System.Byte[])">
 <summary>
 Reads from the stream for the specified buffer length. If the end of the stream is reached in the middle, an exception is raised.
 </summary>
 <param name="buffer"></param>
 <remarks></remarks>
</member>
<member name="M:YGZipLib.Common.ShareMethodClass.StreamReadBufferAsync(System.IO.Stream,System.Byte[],System.Threading.CancellationToken)">
 <summary>
 Reads from the stream for the specified buffer length. If the end of the stream is reached in the middle, an exception is raised.
 </summary>
 <param name="buffer"></param>
 <remarks></remarks>
</member>
<member name="M:YGZipLib.Common.ShareMethodClass.StreamToStreamAsync(System.IO.Stream,System.IO.Stream,System.Threading.CancellationToken)">
 <summary>
 Output from the current position of the original stream to the end to another stream
 </summary>
 <param name="sourceStream"></param>
 <param name="destStream"></param>
 <returns></returns>
</member>
<member name="M:YGZipLib.Common.ShareMethodClass.EncodeDosFileDate(System.DateTime)">
 <summary>
 Date editing in DOS format
 </summary>
 <param name="fileTime"></param>
 <returns></returns>
 <remarks></remarks>
</member>
<member name="M:YGZipLib.Common.ShareMethodClass.EncodeDosFileTime(System.DateTime)">
 <summary>
 Time editing in DOS format
 </summary>
 <param name="fileTimeStamp"></param>
 <returns></returns>
 <remarks></remarks>
</member>
<member name="M:YGZipLib.Common.ShareMethodClass.DecodeDosFileDateTime(System.UInt16,System.UInt16)">
 <summary>
 Convert DOS format date to DateTime type
 </summary>
 <param name="fileTime"></param>
 <returns></returns>
 <remarks></remarks>
</member>
<member name="M:YGZipLib.Common.ShareMethodClass.GetCrcTable">
 <summary>
 CRC table acquisition
 </summary>
 <remarks></remarks>
</member>
<member name="M:YGZipLib.Common.ShareMethodClass.ByteArrayCompare(System.Byte[],System.Byte[])">
 <summary>
 Checks if byte arrays are equal
 </summary>
 <param name="byteArray1"></param>
 <param name="byteArray2"></param>
 <returns></returns>
 <remarks></remarks>
</member>
<member name="M:YGZipLib.Common.ShareMethodClass.AnsiEncoding">
 <summary>
 Returns the ANSI encoding specified by the system
 </summary>
 <returns></returns>
 <remarks></remarks>
</member>
<member name="M:YGZipLib.Common.ShareMethodClass.CharExists(System.Char[],System.String)">
 <summary>
 Checks whether a specified character is contained in a string
 </summary>
 <param name="findChars"></param>
 <param name="searchString"></param>
 <returns></returns>
</member>
<member name="T:YGZipLib.Common.ZipHeader.PK0102Info">
 <summary>
 CentralDirectory(PK0102)
 </summary>
 <remarks></remarks>
</member>
<member name="T:YGZipLib.Common.ZipHeader.PK0304Info">
 <summary>
 LocalHeader(PK0304)
 </summary>
 <remarks></remarks>
</member>
<member name="T:YGZipLib.Common.ZipHeader.PK0506Info">
 <summary>
 EndOfCentralDirectory(PK0506)
 </summary>
 <remarks></remarks>
</member>
<member name="T:YGZipLib.Common.ZipHeader.PK0606Info">
 <summary>
 Zip64EndOfCentralDirectory(PK0606)
 </summary>
 <remarks></remarks>
</member>
<member name="T:YGZipLib.Common.ZipHeader.PK0607Info">
 <summary>
 Zip64EndOfCentralDirectoryLocator(PK0607)
 </summary>
 <remarks></remarks>
</member>
<member name="T:YGZipLib.Common.ZipHeader.PK0708Info">
 <summary>
 DataDescriptor(PK0708)
 </summary>
 <remarks></remarks>
</member>
<member name="T:YGZipLib.Common.ZipHeader.AesExtraDataInfo">
 <summary>
 AES extra data field
 </summary>
 <remarks></remarks>
</member>
<member name="T:YGZipLib.Common.ZipHeader.NtfsDateExtraDataInfo">
 <summary>
 NTFS FileTimestamp Extra Data Field
 </summary>
 <remarks></remarks>
</member>
<member name="T:YGZipLib.Common.ZipHeader.Zip64ExtraDataInfo">
 <summary>
 Zip64 Extra Data Field
 </summary>
 <remarks></remarks>
</member>
<member name="T:YGZipLib.Streams.CalcCrc32Stream">
 <summary>
 CRC32 calculation class
 </summary>
 <remarks></remarks>
</member>
<member name="M:YGZipLib.Streams.CalcCrc32Stream.#ctor(System.IO.Stream,YGZipLib.Streams.CalcCrc32Stream.STREAM_MODE)">
 <summary>
 constructor
 </summary>
 <remarks></remarks>
</member>
<member name="P:YGZipLib.Streams.CalcCrc32Stream.Crc32">
 <summary>
 Get calculated CRC32
 </summary>
 <value></value>
 <returns></returns>
 <remarks></remarks>
</member>
<member name="M:YGZipLib.Streams.CalcCrc32Stream.ResetCrc32">
 <summary>
 Reset of CRC32 calculation result
 </summary>
 <remarks></remarks>
</member>
<member name="T:YGZipLib.Streams.InputStream">
 <summary>
 InputStream
 Stream that can handle a specified range of the original stream as if it were an independent InputStream
 Do not perform any operation that changes the position of the source stream from other sources.
 </summary>
</member>
<member name="M:YGZipLib.Streams.InputStream.#ctor(System.IO.Stream)">
 <summary>
 constructor
 </summary>
 <param name="inputStream"></param>
 <remarks>
 The entire original stream is InputStream.
 </remarks>
</member>
<member name="M:YGZipLib.Streams.InputStream.#ctor(System.IO.Stream,System.Int64)">
 <summary>
 constructor
 </summary>
 <param name="inputStream"></param>
 <param name="inputLength"></param>
 <remarks>
 InputStream is the specified length from the current position of the original stream.
 </remarks>
</member>
<member name="M:YGZipLib.Streams.InputStream.ReadBuffer(System.Byte[])">
 <summary>
 Reads the specified buffer length from the source stream. If the end of the stream is reached in the middle, an exception is raised.
 </summary>
 <param name="buffer"></param>
 <remarks></remarks>
</member>
<member name="M:YGZipLib.Streams.InputStream.CheckBaseStream(System.IO.Stream)">
 <summary>
 Checking the source stream
 </summary>
 <param name="baseStream"></param>
</member>
<member name="T:YGZipLib.Streams.TempStreamManage">
 <summary>
 Temporary stream management class
 </summary>
 <remarks>
 </remarks>
</member>
<member name="F:YGZipLib.Streams.TempStreamManage.FILESTREAM_BUFFER_SIZE">
 <summary>
 File stream buffer size
 </summary>
</member>
<member name="F:YGZipLib.Streams.TempStreamManage.lockObject">
 <summary>
 Object to lock tempFileList
 </summary>
</member>
<member name="F:YGZipLib.Streams.TempStreamManage.tempDirPath">
 <summary>
 Temporary file path
 </summary>
</member>
<member name="F:YGZipLib.Streams.TempStreamManage.tempFileList">
 <summary>
 List for managing TempFileStream
 </summary>
</member>
<member name="M:YGZipLib.Streams.TempStreamManage.GetTempFIleStream">
 <summary>
 Acquisition of TemporaryFileStream
 </summary>
 <returns></returns>
</member>
<member name="M:YGZipLib.Streams.TempStreamManage.CloseTempFIleStream(System.IO.Stream)">
 <summary>
 Close the stream
 </summary>
 <param name="st"></param>
</member>
<member name="M:YGZipLib.Streams.TempStreamManage.DisposeAllStream">
 <summary>
 Dispose of all file streams
 </summary>
</member>
<member name="P:YGZipLib.Streams.TempStreamManage.TempFileStream.InUse">
 <summary>
 InUse
 </summary>
 <returns></returns>
</member>
<member name="F:YGZipLib.Streams.TempStreamManage.AutoTemporaryStream.tempStream">
 <summary>
 temporary stream
 </summary>
</member>
<member name="F:YGZipLib.Streams.TempStreamManage.AutoTemporaryStream.MAX_MEMORY_STREAM_SIZE">
 <summary>
 Maximum size of MemoryStream. Switch to file stream when this size is exceeded.
 </summary>
</member>
<member name="M:YGZipLib.Streams.TempStreamManage.AutoTemporaryStream.SwitchToFileStream">
 <summary>
 Change from memory stream to file stream
 </summary>
</member>
<member name="T:YGZipLib.Streams.UnzipTemp">
 <summary>
 Streams for multi-threaded execution of UnZip
 </summary>
</member>
<member name="T:YGZipLib.Streams.WriteCountStream">
 <summary>
 Output count stream
 </summary>
 <remarks></remarks>
</member>
<member name="T:YGZipLib.Streams.ZipAesCryptStream">
 <summary>
 ZIP AES encryption class
 </summary>
 <remarks></remarks>
</member>
<member name="F:YGZipLib.Streams.ZipAesCryptStream.MASK_COUNT">
 <summary>Mask array size (specified in multiples of 16)</summary>
</member>
<member name="F:YGZipLib.Streams.ZipAesCryptStream.AES_SALT_LENGTH">
 <summary>SALT Length Definition</summary>
</member>
<member name="F:YGZipLib.Streams.ZipAesCryptStream.AES_KEY_LENGTH">
 <summary>KEY Length Definition</summary>
</member>
<member name="F:YGZipLib.Streams.ZipAesCryptStream.writeStream">
 <summary>Stream for output</summary>
</member>
<member name="F:YGZipLib.Streams.ZipAesCryptStream.readStream">
 <summary>Stream for input</summary>
</member>
<member name="F:YGZipLib.Streams.ZipAesCryptStream.aesCrypt">
 <summary>AES</summary>
</member>
<member name="F:YGZipLib.Streams.ZipAesCryptStream.aesTrans">
 <summary>AES encryption/decryption</summary>
</member>
<member name="F:YGZipLib.Streams.ZipAesCryptStream.calcHmac">
 <summary>For HMAC calculation</summary>
</member>
<member name="F:YGZipLib.Streams.ZipAesCryptStream.streamMode">
 <summary>stream mode</summary>
</member>
<member name="F:YGZipLib.Streams.ZipAesCryptStream.decryptionVaridationData">
 <summary>Avoidance of verification values during decryption</summary>
</member>
<member name="F:YGZipLib.Streams.ZipAesCryptStream.aesCtrArray">
 <summary>Counter for CTR mode</summary>
</member>
<member name="F:YGZipLib.Streams.ZipAesCryptStream.maskBytes">
 <summary>Encryption mask array</summary>
</member>
<member name="F:YGZipLib.Streams.ZipAesCryptStream.plainArray">
 <summary>Array for creating masks for encryption</summary>
</member>
<member name="F:YGZipLib.Streams.ZipAesCryptStream.workMaskSelecter">
 <summary>Mask work selector for encryption</summary>
</member>
<member name="F:YGZipLib.Streams.ZipAesCryptStream.workMaskArray0">
 <summary>Mask work for encryption 1</summary>
</member>
<member name="F:YGZipLib.Streams.ZipAesCryptStream.workMaskArray1">
 <summary>Mask work for encryption 2</summary>
</member>
<member name="F:YGZipLib.Streams.ZipAesCryptStream.maskPosition">
 <summary>array pointer for mask</summary>
</member>
<member name="F:YGZipLib.Streams.ZipAesCryptStream.maskTask">
 <summary>Mask array creation task</summary>
</member>
<member name="M:YGZipLib.Streams.ZipAesCryptStream.#ctor(System.IO.Stream,YGZipLib.ZipArcClass.ENCRYPTION_OPTION,System.Byte[],YGZipLib.Streams.ZipAesCryptStream.STREAM_MODE)">
 <summary>
 constructor
 </summary>
 <param name="aesMode"></param>
 <param name="password"></param>
 <remarks></remarks>
</member>
<member name="M:YGZipLib.Streams.ZipAesCryptStream.InitKey(YGZipLib.ZipArcClass.ENCRYPTION_OPTION,System.Byte[],System.Byte[])">
 <summary>
 key initialization
 </summary>
 <param name="aesMode">AES mode</param>
 <param name="password">password</param>
 <remarks></remarks>
</member>
<member name="M:YGZipLib.Streams.ZipAesCryptStream.GetNextMask">
 <summary>
 Get next mask value
 </summary>
 <remarks></remarks>
</member>
<member name="M:YGZipLib.Streams.ZipAesCryptStream.GetNextMaskTask">
 <summary>
 Prepare the next array for masks in maskBytesWork
 </summary>
 <returns></returns>
</member>
<member name="T:YGZipLib.Streams.ZipCryptStream">
 <summary>
 ZIP encryption class
 </summary>
 <remarks></remarks>
</member>
<member name="M:YGZipLib.Streams.ZipCryptStream.#ctor(System.IO.Stream,System.Byte[],System.UInt32,YGZipLib.Streams.ZipCryptStream.STREAM_MODE)">
 <summary>
 constructor
 </summary>
 <param name="password">password</param>
 <param name="crc32">CRC before encryption</param>
 <remarks></remarks>
</member>
<member name="M:YGZipLib.Streams.ZipCryptStream.ZEncode(System.Byte)">
 <summary>
 1Byte encryption
 </summary>
 <param name="n">Byte value before encryption</param>
 <returns>Byte value after encryption</returns>
 <remarks></remarks>
</member>
<member name="M:YGZipLib.Streams.ZipCryptStream.ZDecode(System.Byte)">
 <summary>
 1Byte decryption
 </summary>
 <param name="n">Byte value before decryption</param>
 <returns>Byte value after decryption</returns>
 <remarks></remarks>
</member>
<member name="M:YGZipLib.Streams.ZipCryptStream.UpdateKeys(System.Byte)">
 <summary>
 ZIP encryption key update
 </summary>
 <param name="n"></param>
 <remarks></remarks>
</member>
<member name="M:YGZipLib.Streams.ZipCryptStream.InitZipDecrypt(System.Byte[],System.UInt32)">
 <summary>
 ZIP encryption initialization (decryption)
 </summary>
 <param name="password"></param>
 <remarks></remarks>
</member>
<member name="M:YGZipLib.Streams.ZipCryptStream.InitZipEncrypt(System.Byte[],System.UInt32)">
 <summary>
 ZIP encryption initialization (encryption)
 </summary>
 <param name="password"></param>
 <param name="crc32"></param>
 <remarks></remarks>
</member>
<member name="T:YGZipLib.UnZipArcClass">
 <summary>
 ZIP archive expansion class
 </summary>
 <remarks></remarks>
</member>
<member name="F:YGZipLib.UnZipArcClass.MAX_SEMAPHORE_COUNT">
 <summary>
 Default maximum multiplicity
 </summary>
</member>
<member name="F:YGZipLib.UnZipArcClass.centralDirectoryList">
 <summary>archive file list</summary>
</member>
<member name="F:YGZipLib.UnZipArcClass.defaultZipTextEncoding">
 <summary>Encoding of stored file names and passwords</summary>
</member>
<member name="F:YGZipLib.UnZipArcClass.defaultPassword">
 <summary>Password used to decrypt password-protected files</summary>
</member>
<member name="F:YGZipLib.UnZipArcClass.unzipTempStream">
 <summary>Maintain input information</summary>
</member>
<member name="P:YGZipLib.UnZipArcClass.ZipFileNameEncoding">
 <summary>
 File name and password encoding  Default:(<see cref="P:System.Text.Encoding.Default"/>)
 </summary>
 <remarks></remarks>
</member>
<member name="P:YGZipLib.UnZipArcClass.Password">
 <summary>
 Password used to decrypt archives
 <para>Specify if encrypted ZIP</para>
 <para><see cref="M:YGZipLib.UnZipArcClass.PutFile(YGZipLib.UnZipArcClass.CentralDirectoryInfo,System.IO.Stream)">PutFile</see>,<see cref="M:YGZipLib.UnZipArcClass.PutFileAsync(YGZipLib.UnZipArcClass.CentralDirectoryInfo,System.IO.FileInfo,System.String,System.Threading.CancellationToken)">PutFileAsync</see>メソッドにもPasswordを指定できますが、どちらでも指定が可能です。</para>
 </summary>
 <value></value>
 <remarks>
 </remarks>
</member>
<member name="P:YGZipLib.UnZipArcClass.GetFileList">
 <summary>
 Obtain a list of files in the archive
 </summary>
 <value></value>
 <returns></returns>
 <remarks></remarks>
</member>
<member name="M:YGZipLib.UnZipArcClass.#ctor(System.IO.Stream)">
 <summary>
 constructor
 </summary>
 <param name="zipStream">ZIP archive stream</param>
 <remarks></remarks>
</member>
<member name="M:YGZipLib.UnZipArcClass.#ctor(System.Byte[])">
 <summary>
 constructor
 </summary>
 <param name="zipByts">Byte array of ZIP archive</param>
</member>
<member name="M:YGZipLib.UnZipArcClass.#ctor(System.String)">
 <summary>
 constructor
 </summary>
 <param name="zipFilePath">ZIP archive path</param>
</member>
<member name="M:YGZipLib.UnZipArcClass.#ctor(System.IO.Stream,System.Int32)">
 <summary>
 constructor
 </summary>
 <param name="zipStream">ZIP archive stream</param>
 <remarks></remarks>
</member>
<member name="M:YGZipLib.UnZipArcClass.#ctor(System.Byte[],System.Int32)">
 <summary>
 constructor
 </summary>
 <param name="zipByts">Byte array of ZIP archive</param>
</member>
<member name="M:YGZipLib.UnZipArcClass.#ctor(System.String,System.Int32)">
 <summary>
 constructor
 </summary>
 <param name="zipFilePath">ZIP archive path</param>
</member>
<member name="M:YGZipLib.UnZipArcClass.GetSemaphoreCount">
 <summary>
 Get default multiplicity
 </summary>
 <returns></returns>
</member>
<member name="M:YGZipLib.UnZipArcClass.PutFileAsync(YGZipLib.UnZipArcClass.CentralDirectoryInfo,System.IO.FileInfo,System.String,System.Threading.CancellationToken)">
 <summary>
 Get file (output to file)
 </summary>
 <param name="centralDirectory">CentralDirectory</param>
 <param name="fileInfo">FileInfo of the destination file</param>
 <param name="password">Encryption Password</param>
 <remarks></remarks>
</member>
<member name="M:YGZipLib.UnZipArcClass.PutFileAsync(YGZipLib.UnZipArcClass.CentralDirectoryInfo,System.IO.Stream,System.Threading.CancellationToken)">
 <summary>
 Get file (output to stream)
 </summary>
 <param name="centralDirectory">CentralDirectory</param>
 <param name="outStream">destination stream</param>
 <remarks></remarks>
</member>
<member name="M:YGZipLib.UnZipArcClass.PutFileAsync(YGZipLib.UnZipArcClass.CentralDirectoryInfo,System.IO.Stream,System.String,System.Threading.CancellationToken)">
 <summary>
 Get file (output to stream)
 </summary>
 <param name="centralDirectory">CentralDirectory</param>
 <param name="outStream">destination stream</param>
 <param name="password">Encryption Password</param>
 <remarks></remarks>
</member>
<member name="M:YGZipLib.UnZipArcClass.ExtractAllFilesAsync(System.IO.DirectoryInfo,System.Threading.CancellationToken)">
 <summary>
 Unzip the archive to the specified directory
 </summary>
 <param name="outputDirectory">output directory</param>
 <remarks></remarks>
</member>
<member name="M:YGZipLib.UnZipArcClass.ExtractAllFilesAsync(System.IO.DirectoryInfo,System.String,System.Threading.CancellationToken)">
 <summary>
 Unzip the archive to the specified directory
 </summary>
 <param name="outputDirectory">output directory</param>
 <param name="password">Encryption Password</param>
 <remarks></remarks>
</member>
<member name="M:YGZipLib.UnZipArcClass.CheckDirectory(System.IO.DirectoryInfo,YGZipLib.UnZipArcClass.CentralDirectoryInfo)">
 <summary>
 Validity check of output directory
 </summary>
 <param name="outputDirectory"></param>
 <param name="centralDirectory"></param>
 <remarks></remarks>
</member>
<member name="M:YGZipLib.UnZipArcClass.DecryptionStreamAsync(YGZipLib.UnZipArcClass.CentralDirectoryInfo,YGZipLib.Streams.InputStream,System.String,System.IO.Stream,System.Threading.CancellationToken)">
 <summary>
 Decryption stream setting
 </summary>
 <param name="centralDirectory"></param>
 <param name="compDataStream"></param>
 <param name="password"></param>
 <param name="outputStream"></param>
 <remarks></remarks>
</member>
<member name="M:YGZipLib.UnZipArcClass.DecompressStreamAsync(YGZipLib.UnZipArcClass.CentralDirectoryInfo,System.IO.Stream,System.IO.Stream,System.Threading.CancellationToken)">
 <summary>
 ZIP Expansion Stream Settings
 </summary>
 <param name="centralDirectory"></param>
 <param name="compDataStream"></param>
 <param name="outputStream"></param>
 <remarks></remarks>
</member>
<member name="M:YGZipLib.UnZipArcClass.StreamWriteAsync(YGZipLib.UnZipArcClass.CentralDirectoryInfo,System.IO.Stream,System.IO.Stream,System.Threading.CancellationToken)">
 <summary>
 Stream output
 </summary>
 <param name="readStream"></param>
 <param name="outputStream"></param>
 <remarks></remarks>
</member>
<member name="M:YGZipLib.UnZipArcClass.GetCentralDirectory">
 <summary>
 Retrieve CentralDirectory and store it in the list
 </summary>
 <remarks></remarks>
</member>
<member name="M:YGZipLib.UnZipArcClass.FindEndOfCentralDirectory(System.IO.Stream)">
 <summary>
 Get the location of EndOfCentralDDirectory(PK0506)
 </summary>
 <returns></returns>
 <remarks></remarks>
</member>
<member name="M:YGZipLib.UnZipArcClass.FindZip64EndOfCentralDirectory(System.Int64,System.IO.Stream)">
 <summary>
 Get location of Zip64 end of central directory record
 </summary>
 <param name="pk0506pos"></param>
 <returns></returns>
 <remarks></remarks>
</member>
<member name="T:YGZipLib.UnZipArcClass.CentralDirectoryInfo">
 <summary>
 CentralDirectory information retention class
 </summary>
 <remarks></remarks>
</member>
<member name="M:YGZipLib.UnZipArcClass.CentralDirectoryInfo.UtfEncoding">
 <summary>
 File name is UTF8 encoded
 </summary>
 <returns></returns>
 <remarks></remarks>
</member>
<member name="M:YGZipLib.UnZipArcClass.CentralDirectoryInfo.GetExtraField">
 <summary>
 Get ExtraDataField
 </summary>
 <returns></returns>
 <remarks></remarks>
</member>
<member name="M:YGZipLib.UnZipArcClass.CentralDirectoryInfo.GetNtfsDataExtraField">
 <summary>
 Get ExtraField of NTFS time information
 </summary>
 <returns></returns>
 <remarks></remarks>
</member>
<member name="M:YGZipLib.UnZipArcClass.CentralDirectoryInfo.GetAesExtraData">
 <summary>
 Get ExtraField for AES encryption
 </summary>
 <returns></returns>
 <remarks></remarks>
</member>
<member name="M:YGZipLib.UnZipArcClass.CentralDirectoryInfo.GetZip64ExtendedInfo">
 <summary>
 Get ZIP64ExtendedData
 </summary>
 <returns></returns>
 <remarks></remarks>
</member>
<member name="P:YGZipLib.UnZipArcClass.CentralDirectoryInfo.LocalHeaderPos">
 <summary>
 Start position of local header
 </summary>
 <value></value>
 <returns></returns>
 <remarks></remarks>
</member>
<member name="P:YGZipLib.UnZipArcClass.CentralDirectoryInfo.ZipFileNameEncoding">
 <summary>
 Encoding of ZIP file name
 If the UTF8 flag is set, use UTF8
 </summary>
 <value></value>
 <returns></returns>
 <remarks></remarks>
</member>
<member name="P:YGZipLib.UnZipArcClass.CentralDirectoryInfo.FileName">
 <summary>
 file-name
 </summary>
 <value></value>
 <returns></returns>
 <remarks></remarks>
</member>
<member name="P:YGZipLib.UnZipArcClass.CentralDirectoryInfo.FullName">
 <summary>
 File name including directory
 </summary>
 <value></value>
 <returns></returns>
 <remarks></remarks>
</member>
<member name="P:YGZipLib.UnZipArcClass.CentralDirectoryInfo.DirectoryName">
 <summary>
 directory name
 </summary>
 <value></value>
 <returns></returns>
 <remarks></remarks>
</member>
<member name="P:YGZipLib.UnZipArcClass.CentralDirectoryInfo.CreateTimestamp">
 <summary>
 creation timestamp
 </summary>
 <value></value>
 <returns></returns>
 <remarks></remarks>
</member>
<member name="P:YGZipLib.UnZipArcClass.CentralDirectoryInfo.ModifyTimestamp">
 <summary>
 update timestamp
 </summary>
 <value></value>
 <returns></returns>
 <remarks></remarks>
</member>
<member name="P:YGZipLib.UnZipArcClass.CentralDirectoryInfo.AccessTimestamp">
 <summary>
 access timestamp
 </summary>
 <value></value>
 <returns></returns>
 <remarks></remarks>
</member>
<member name="P:YGZipLib.UnZipArcClass.CentralDirectoryInfo.FileSize">
 <summary>
 File size before storing
 </summary>
 <value></value>
 <returns></returns>
 <remarks></remarks>
</member>
<member name="P:YGZipLib.UnZipArcClass.CentralDirectoryInfo.CompFileSize">
 <summary>
 File size after storing
 </summary>
 <value></value>
 <returns></returns>
 <remarks></remarks>
</member>
<member name="P:YGZipLib.UnZipArcClass.CentralDirectoryInfo.IsDirectory">
 <summary>
 directory flag
 </summary>
 <value></value>
 <returns>True for directories</returns>
 <remarks></remarks>
</member>
<member name="P:YGZipLib.UnZipArcClass.CentralDirectoryInfo.IsEncryption">
 <summary>
 encryption flag
 </summary>
 <value></value>
 <returns>True if encrypted</returns>
 <remarks></remarks>
</member>
<member name="T:YGZipLib.ZipArcClass">
 <summary>
 ZIP archive creation class
 </summary>
 <remarks>
 </remarks>
</member>
<member name="F:YGZipLib.ZipArcClass.SIG_PK0102">
 <summary>CentralFileHeaderSignature</summary>
</member>
<member name="F:YGZipLib.ZipArcClass.SIG_PK0304">
 <summary>LocalFileHeaderSignature</summary>
</member>
<member name="F:YGZipLib.ZipArcClass.SIG_PK0506">
 <summary>EndOfCentralDirectorySignature</summary>
</member>
<member name="F:YGZipLib.ZipArcClass.SIG_PK0606">
 <summary>Zip64EndOfCentralDirectorySignature</summary>
</member>
<member name="F:YGZipLib.ZipArcClass.SIG_PK0607">
 <summary>Zip64EndOfCentralDirectoryLocatorSignature</summary>
</member>
<member name="F:YGZipLib.ZipArcClass.SIG_PK0708">
 <summary>DataDescriptorHeaderSignature</summary>
</member>
<member name="F:YGZipLib.ZipArcClass.MAX_SEMAPHORE_COUNT">
 <summary>
 Default Maximum Multiplicity
 Compression/encryption is executed in parallel, but writing to the ZIP archive is a single multiplex, so raising the number too high will not shorten the total time that much.
 Keep the default to 4 multiplexes even if the number of cores is large
 </summary>
</member>
<member name="T:YGZipLib.ZipArcClass.COMPRESSION_OPTION">
 <summary>
 Compression Options
 </summary>
 <remarks></remarks>
</member>
<member name="F:YGZipLib.ZipArcClass.COMPRESSION_OPTION.NOT_COMPRESSED">
 <summary>uncompressed</summary>
</member>
<member name="F:YGZipLib.ZipArcClass.COMPRESSION_OPTION.DEFLATE">
 <summary>Deflate Compression</summary>
</member>
<member name="T:YGZipLib.ZipArcClass.ENCRYPTION_OPTION">
 <summary>
 encryption method
 <para>Specifies the encryption method to be used if <see cref="P:YGZipLib.ZipArcClass.Password">Password</see> is specified.</para>
 </summary>
 <remarks>
  </remarks>
</member>
<member name="F:YGZipLib.ZipArcClass.ENCRYPTION_OPTION.TRADITIONAL">
 <summary>ZIP2.0(Traditional PKWARE Encryption)</summary>
</member>
<member name="F:YGZipLib.ZipArcClass.ENCRYPTION_OPTION.AES128">
 <summary>AES 128bit(WinZIP Compatible)</summary>
</member>
<member name="F:YGZipLib.ZipArcClass.ENCRYPTION_OPTION.AES192">
 <summary>AES 192bit(WinZIP Compatible)</summary>
</member>
<member name="F:YGZipLib.ZipArcClass.ENCRYPTION_OPTION.AES256">
 <summary>AES 256bit(WinZIP Compatible)</summary>
</member>
<member name="F:YGZipLib.ZipArcClass.baseStream">
 <summary>Stream for Zip archive output</summary>
</member>
<member name="F:YGZipLib.ZipArcClass.baseFileStream">
 <summary>File stream for Zip archive output (used when outputting to zip file)</summary>
</member>
<member name="F:YGZipLib.ZipArcClass.partInfoList">
 <summary>List for storing part information</summary>
</member>
<member name="F:YGZipLib.ZipArcClass.dirDic">
 <summary>Directory dictionary (name of stored directory)</summary>
</member>
<member name="F:YGZipLib.ZipArcClass.dirDicOrg">
 <summary>Directory dictionary (input directory)</summary>
</member>
<member name="F:YGZipLib.ZipArcClass.filenameEncoding">
 <summary>File name and password encoding</summary>
</member>
<member name="F:YGZipLib.ZipArcClass.isFinished">
 <summary>Finish executed decision</summary>
</member>
<member name="F:YGZipLib.ZipArcClass.tsm">
 <summary>TemporaryStream Management</summary>
</member>
<member name="F:YGZipLib.ZipArcClass.dirSplitChars">
 <summary>directory delimiter</summary>
</member>
<member name="F:YGZipLib.ZipArcClass.invFileNameChars">
 <summary>Characters that cannot be used as file names</summary>
</member>
<member name="F:YGZipLib.ZipArcClass.invPathNameChars">
 <summary>Characters that cannot be used as directory names</summary>
</member>
<member name="F:YGZipLib.ZipArcClass.isStreamDispose">
 <summary>Flag whether the stream needs to be destroyed</summary>
</member>
<member name="F:YGZipLib.ZipArcClass.addZipSemaphore">
 <summary>Semaphore for controlling the number of simultaneous processes</summary>
</member>
<member name="F:YGZipLib.ZipArcClass._ProcFileName">
 <summary>in-process file</summary>
</member>
<member name="P:YGZipLib.ZipArcClass.Password">
 <summary>
  Encryption Password  Default:null
 <para>No encryption if null</para>
 <para>ASCII characters recommended for compatibility</para>
 </summary>
</member>
<member name="P:YGZipLib.ZipArcClass.CompressionOption">
 <summary>
 Compression Options  Default:<see cref="F:YGZipLib.ZipArcClass.COMPRESSION_OPTION.DEFLATE"/>
 </summary>
 <remarks></remarks>
</member>
<member name="P:YGZipLib.ZipArcClass.EncryptionOption">
 <summary>
 encryption method(Default:TRADITIONAL)
 </summary>
 <remarks></remarks>
</member>
<member name="P:YGZipLib.ZipArcClass.ZipFileNameEncoding">
 <summary>
 File name and password encoding  Default:(<see cref="P:System.Text.Encoding.Default"/>)
 <para>In environments such as .net core, UTF8 is the default value, so specify the appropriate Encoding if necessary.</para>
 </summary>
 <remarks></remarks>
</member>
<member name="P:YGZipLib.ZipArcClass.DontCompressExtRegExList">
 <summary>
 Pattern list of extensions to be stored as is without compression
 </summary>
 <returns></returns>
</member>
<member name="P:YGZipLib.ZipArcClass.ZipFileCount">
 <summary>
 Total number of files and directories stored in the archive
 </summary>
 <returns></returns>
</member>
<member name="P:YGZipLib.ZipArcClass.ZipFileSize">
 <summary>
 ZIP archive size being processed
 </summary>
 <returns></returns>
</member>
<member name="P:YGZipLib.ZipArcClass.WriteQueueCount">
 <summary>
 Number of waiting cases for writing to the ZIP file
 <para>Larger when there are large files in parts or when the processing multiplicity is too high to output to a ZIP file in time.</para>
 </summary>
 <returns></returns>
</member>
<member name="M:YGZipLib.ZipArcClass.#ctor(System.IO.Stream)">
 <summary>
 constructor 
 </summary>
 <param name="writeStream">
 ZIP archive output stream
 </param>
 <remarks></remarks>
</member>
<member name="M:YGZipLib.ZipArcClass.#ctor(System.String)">
 <summary>
 constructor 
 </summary>
 <param name="zipFileName">Output ZIP file name (existing files will be overwritten)</param>
 <remarks></remarks>
</member>
<member name="M:YGZipLib.ZipArcClass.#ctor(System.IO.Stream,System.Int32,System.String)">
 <summary>
 Constructor (multiplicity, TemporaryDirectory specified)
 </summary>
 <param name="writeStream">ZIP archive output stream</param>
 <param name="semaphoreCount">Compression Processing Maximum Multiplicity(If 0, <see cref="P:System.Environment.ProcessorCount"/>)</param>
 <param name="tempDirPath">Path of TemporaryFile creation directory(If null, obtained from GetTempPath<see cref="M:System.IO.Path.GetTempPath"/>"/>)</param>
 <remarks></remarks>
</member>
<member name="M:YGZipLib.ZipArcClass.#ctor(System.String,System.Int32,System.String)">
 <summary>
 Constructor (multiplicity, TemporaryDirectory specified)
 </summary>
 <param name="zipFileName">Output ZIP file name (existing files will be overwritten)</param>
 <param name="semaphoreCount">Compression Processing Maximum Multiplicity(If 0, <see cref="P:System.Environment.ProcessorCount"/>)</param>
 <param name="tempDirPath">Path of TemporaryFile creation directory(If null, obtained from GetTempPath<see cref="M:System.IO.Path.GetTempPath"/>"/>)</param>
 <remarks></remarks>
</member>
<member name="M:YGZipLib.ZipArcClass.Init(System.IO.Stream,System.String)">
 <summary>
 initialization
 </summary>
 <param name="st"></param>
</member>
<member name="M:YGZipLib.ZipArcClass.Finish">
 <summary>
 Finish creating the ZIP archive
 <para>Must be called at the end of ZIP archive creation. If outputting to a file, close the output file.</para>
 </summary>
 <remarks>
 </remarks>
</member>
<member name="M:YGZipLib.ZipArcClass.FinishAsync">
 <summary>
 Finish creating the ZIP archive
 <para>Must be called at the end of ZIP archive creation. If outputting to a file, close the output file.</para>
 </summary>
 <remarks>
 </remarks>
</member>
<member name="M:YGZipLib.ZipArcClass.AddNewDirectory(System.String)">
 <summary>
 Add an empty directory
 </summary>
 <param name="storeDirectoryName">Directory name to be added</param>
 <remarks>
 </remarks>
</member>
<member name="M:YGZipLib.ZipArcClass.AddNewDirectoryAsync(System.String)">
 <summary>
 Add an empty directory
 </summary>
 <param name="storeDirectoryName">Directory name to be added</param>
 <remarks>
 </remarks>
</member>
<member name="M:YGZipLib.ZipArcClass.AddNewDirectory(System.String,System.DateTime)">
 <summary>
 Add an empty directory
 </summary>
 <param name="storeDirectoryName">Directory name to be added</param>
 <param name="timeStamp">timestamp</param>
 <remarks>
 </remarks>
</member>
<member name="M:YGZipLib.ZipArcClass.AddNewDirectoryAsync(System.String,System.DateTime)">
 <summary>
 Add an empty directory
 </summary>
 <param name="storeDirectoryName">Directory name to be added</param>
 <param name="timeStamp">timestamp</param>
 <remarks>
 </remarks>
</member>
<member name="M:YGZipLib.ZipArcClass.AddNewDirectory(System.String,System.DateTime,System.DateTime,System.DateTime)">
 <summary>
 Add an empty directory
 </summary>
 <param name="storeDirectoryName">Directory name to be added</param>
 <param name="creationTimeStamp">creation timestamp</param>
 <param name="lastWriteTimeStamp">update timestamp</param>
 <param name="lastAccessTimeStamp">access timestamp</param>
</member>
<member name="M:YGZipLib.ZipArcClass.AddNewDirectoryAsync(System.String,System.DateTime,System.DateTime,System.DateTime)">
 <summary>
 Add an empty directory
 </summary>
 <param name="storeDirectoryName">Directory name to be added</param>
 <param name="creationTimeStamp">creation timestamp</param>
 <param name="lastWriteTimeStamp">update timestamp</param>
 <param name="lastAccessTimeStamp">access timestamp</param>
</member>
<member name="M:YGZipLib.ZipArcClass.AddDirectory(System.String)">
 <summary>
 Store all files under the specified directory in the archive
 </summary>
 <param name="dirPath">path of the directory where it is stored</param>
 <remarks></remarks>
</member>
<member name="M:YGZipLib.ZipArcClass.AddDirectoryAsync(System.String)">
 <summary>
 Store all files under the specified directory in the archive
 </summary>
 <param name="dirPath">path of the directory where it is stored</param>
 <remarks></remarks>
</member>
<member name="M:YGZipLib.ZipArcClass.AddDirectory(System.String,System.String)">
 <summary>
 Store all files under the specified directory in the archive
 </summary>
 <param name="dirPath">path of the directory where it is stored</param>
 <param name="baseDir">Create baseDir in the archive and store the directory structure under it.</param>
 <remarks></remarks>
</member>
<member name="M:YGZipLib.ZipArcClass.AddDirectoryAsync(System.String,System.String)">
 <summary>
 Store all files under the specified directory in the archive
 </summary>
 <param name="dirPath">path of the directory where it is stored</param>
 <param name="baseDir">Create baseDir in the archive and store the directory structure under it.</param>
 <remarks></remarks>
</member>
<member name="M:YGZipLib.ZipArcClass.AddDirectoryAsync(System.String,System.String,System.Threading.CancellationToken)">
 <summary>
 Store all files under the specified directory in the archive
 </summary>
 <param name="dirPath">path of the directory where it is stored</param>
 <param name="baseDir">Create baseDir in the archive and store the directory structure under it.</param>
 <param name="cancelToken">cancellation token</param>
 <remarks></remarks>
</member>
<member name="M:YGZipLib.ZipArcClass.AddDirectory(System.String,System.String,System.Collections.Generic.List{System.Text.RegularExpressions.Regex},System.Collections.Generic.List{System.Text.RegularExpressions.Regex})">
 <summary>
 Store all files under the specified directory in the archive
 </summary>
 <param name="dirPath">path of the directory where it is stored</param>
 <param name="baseDir">Create baseDir in the archive and store the directory structure under it.</param>
 <param name="excludeFileNameList">Regular expression list of file names to be excluded from storage</param>
 <param name="excludeDirectoryNameList">Regular expression list of directory names to be excluded from storage</param>
 <remarks></remarks>
</member>
<member name="M:YGZipLib.ZipArcClass.AddDirectoryAsync(System.String,System.String,System.Collections.Generic.List{System.Text.RegularExpressions.Regex},System.Collections.Generic.List{System.Text.RegularExpressions.Regex})">
 <summary>
 Store all files under the specified directory in the archive
 </summary>
 <param name="dirPath">path of the directory where it is stored</param>
 <param name="baseDir">Create baseDir in the archive and store the directory structure under it.</param>
 <param name="excludeFileNameList">Regular expression list of file names to be excluded from storage</param>
 <param name="excludeDirectoryNameList">Regular expression list of directory names to be excluded from storage</param>
 <remarks></remarks>
</member>
<member name="M:YGZipLib.ZipArcClass.AddDirectoryAsync(System.String,System.String,System.Collections.Generic.List{System.Text.RegularExpressions.Regex},System.Collections.Generic.List{System.Text.RegularExpressions.Regex},System.Threading.CancellationToken)">
 <summary>
 Store all files under the specified directory in the archive
 </summary>
 <param name="dirPath">path of the directory where it is stored</param>
 <param name="baseDir">Create baseDir in the archive and store the directory structure under it.</param>
 <param name="excludeFileNameList">Regular expression list of file names to be excluded from storage</param>
 <param name="excludeDirectoryNameList">Regular expression list of directory names to be excluded from storage</param>
 <param name="cancelToken">cancellation token</param>
 <remarks></remarks>
</member>
<member name="M:YGZipLib.ZipArcClass.AddFileStream(System.String,System.IO.Stream)">
 <summary>
 Adding files (Stream)
 </summary>
 <param name="storeFileName">stored file name</param>
 <param name="storeStream">Stream to add</param>
 <remarks></remarks>
</member>
<member name="M:YGZipLib.ZipArcClass.AddFileStreamAsync(System.String,System.IO.Stream)">
 <summary>
 Adding files (Stream)
 </summary>
 <param name="storeFileName">stored file name</param>
 <param name="storeStream">Stream to add</param>
 <remarks></remarks>
</member>
<member name="M:YGZipLib.ZipArcClass.AddFileStreamAsync(System.String,System.IO.Stream,System.Threading.CancellationToken)">
 <summary>
 Adding files (Stream)
 </summary>
 <param name="storeFileName">stored file name</param>
 <param name="storeStream">Stream to add</param>
 <param name="cancelToken">cancellation token</param>
 <remarks></remarks>
</member>
<member name="M:YGZipLib.ZipArcClass.AddFileStream(System.String,System.IO.Stream,System.DateTime)">
 <summary>
 Adding files (Stream)
 </summary>
 <param name="storeFileName">stored file name</param>
 <param name="storeStream">Stream to add</param>
 <param name="timeStamp">timestamp</param>
 <remarks></remarks>
</member>
<member name="M:YGZipLib.ZipArcClass.AddFileStreamAsync(System.String,System.IO.Stream,System.DateTime)">
 <summary>
 Adding files (Stream)
 </summary>
 <param name="storeFileName">stored file name</param>
 <param name="storeStream">Stream to add</param>
 <param name="timeStamp">timestamp</param>
 <remarks></remarks>
</member>
<member name="M:YGZipLib.ZipArcClass.AddFileStreamAsync(System.String,System.IO.Stream,System.DateTime,System.Threading.CancellationToken)">
 <summary>
 Adding files (Stream)
 </summary>
 <param name="storeFileName">stored file name</param>
 <param name="storeStream">Stream to add</param>
 <param name="timeStamp">timestamp</param>
 <param name="cancelToken">cancellation token</param>
 <remarks></remarks>
</member>
<member name="M:YGZipLib.ZipArcClass.AddStreamFile(System.String,System.IO.Stream,System.DateTime,System.DateTime,System.DateTime)">
 <summary>
 Adding files (Stream)
 </summary>
 <param name="storeFileName">stored file name</param>
 <param name="storeStream">Stream to add</param>
 <param name="creationTimeStamp">creation timestamp</param>
 <param name="lastWriteTimeStamp">update timestamp</param>
 <param name="lastAccessTimeStamp">access timestamp</param>
 <remarks></remarks>
</member>
<member name="M:YGZipLib.ZipArcClass.AddFileStreamAsync(System.String,System.IO.Stream,System.DateTime,System.DateTime,System.DateTime)">
 <summary>
 Adding files (Stream)
 </summary>
 <param name="storeFileName">stored file name</param>
 <param name="storeStream">Stream to add</param>
 <param name="creationTimeStamp">creation timestamp</param>
 <param name="lastWriteTimeStamp">update timestamp</param>
 <param name="lastAccessTimeStamp">access timestamp</param>
 <remarks></remarks>
</member>
<member name="M:YGZipLib.ZipArcClass.AddFileStreamAsync(System.String,System.IO.Stream,System.DateTime,System.DateTime,System.DateTime,System.Threading.CancellationToken)">
 <summary>
 Adding files (Stream)
 </summary>
 <param name="storeFileName">stored file name</param>
 <param name="storeStream">Stream to add</param>
 <param name="creationTimeStamp">creation timestamp</param>
 <param name="lastWriteTimeStamp">update timestamp</param>
 <param name="lastAccessTimeStamp">access timestamp</param>
 <param name="cancelToken">cancellation token</param>
 <remarks></remarks>
</member>
<member name="M:YGZipLib.ZipArcClass.AddFileBytes(System.String,System.Byte[])">
 <summary>
 Adding files (byte array)
 </summary>
 <param name="storeFileName">stored file name</param>
 <param name="byteData">Byte array to add</param>
 <remarks></remarks>
</member>
<member name="M:YGZipLib.ZipArcClass.AddFileBytesAsync(System.String,System.Byte[])">
 <summary>
 Adding files (byte array)
 </summary>
 <param name="storeFileName">stored file name</param>
 <param name="byteData">Byte array to add</param>
 <remarks></remarks>
</member>
<member name="M:YGZipLib.ZipArcClass.AddFileBytesAsync(System.String,System.Byte[],System.Threading.CancellationToken)">
 <summary>
 Adding files (byte array)
 </summary>
 <param name="storeFileName">stored file name</param>
 <param name="byteData">Byte array to add</param>
 <param name="cancelToken">cancellation token</param>
 <remarks></remarks>
</member>
<member name="M:YGZipLib.ZipArcClass.AddFileBytes(System.String,System.Byte[],System.DateTime)">
 <summary>
 Adding files (byte array)
 </summary>
 <param name="storeFileName">stored file name</param>
 <param name="byteData">Byte array to add</param>
 <param name="timeStamp">timestamp</param>
 <remarks></remarks>
</member>
<member name="M:YGZipLib.ZipArcClass.AddFileBytesAsync(System.String,System.Byte[],System.DateTime)">
 <summary>
 Adding files (byte array)
 </summary>
 <param name="storeFileName">stored file name</param>
 <param name="byteData">Byte array to add</param>
 <param name="timeStamp">timestamp</param>
 <remarks></remarks>
</member>
<member name="M:YGZipLib.ZipArcClass.AddFileBytesAsync(System.String,System.Byte[],System.DateTime,System.Threading.CancellationToken)">
 <summary>
 Adding files (byte array)
 </summary>
 <param name="storeFileName">stored file name</param>
 <param name="byteData">Byte array to add</param>
 <param name="timeStamp">timestamp</param>
 <param name="cancelToken">cancellation token</param>
 <remarks></remarks>
</member>
<member name="M:YGZipLib.ZipArcClass.AddFileBytes(System.String,System.Byte[],System.DateTime,System.DateTime,System.DateTime)">
 <summary>
 Adding files (byte array)
 </summary>
 <param name="storeFileName">stored file name</param>
 <param name="byteData">Byte array to add</param>
 <param name="creationTimeStamp">creation timestamp</param>
 <param name="lastWriteTimeStamp">update timestamp</param>
 <param name="lastAccessTimeStamp">access timestamp</param>
 <remarks></remarks>
</member>
<member name="M:YGZipLib.ZipArcClass.AddFileBytesAsync(System.String,System.Byte[],System.DateTime,System.DateTime,System.DateTime)">
 <summary>
 Adding files (byte array)
 </summary>
 <param name="storeFileName">stored file name</param>
 <param name="byteData">Byte array to add</param>
 <param name="creationTimeStamp">creation timestamp</param>
 <param name="lastWriteTimeStamp">update timestamp</param>
 <param name="lastAccessTimeStamp">access timestamp</param>
 <remarks></remarks>
</member>
<member name="M:YGZipLib.ZipArcClass.AddFileBytesAsync(System.String,System.Byte[],System.DateTime,System.DateTime,System.DateTime,System.Threading.CancellationToken)">
 <summary>
 Adding files (byte array)
 </summary>
 <param name="storeFileName">stored file name</param>
 <param name="byteData">Byte array to add</param>
 <param name="creationTimeStamp">creation timestamp</param>
 <param name="lastWriteTimeStamp">update timestamp</param>
 <param name="lastAccessTimeStamp">access timestamp</param>
 <param name="cancelToken">cancellation token</param>
 <remarks></remarks>
</member>
<member name="M:YGZipLib.ZipArcClass.AddFilePath(System.String)">
 <summary>
 Add a file (file name)
 </summary>
 <param name="filePath">Path of the file to add</param>
 <remarks></remarks>
</member>
<member name="M:YGZipLib.ZipArcClass.AddFilePathAsync(System.String)">
 <summary>
 Add a file (file name)
 </summary>
 <param name="filePath">Path of the file to add</param>
 <remarks></remarks>
</member>
<member name="M:YGZipLib.ZipArcClass.AddFilePathAsync(System.String,System.Threading.CancellationToken)">
 <summary>
 Add a file (file name)
 </summary>
 <param name="filePath">Path of the file to add</param>
 <param name="cancelToken">cancellation token</param>
 <remarks></remarks>
</member>
<member name="M:YGZipLib.ZipArcClass.AddFilePath(System.String,System.String)">
 <summary>
 Add a file (file name)
 </summary>
 <param name="storeFileName">stored file name</param>
 <param name="filePath">Path of the file to add</param>
 <remarks></remarks>
</member>
<member name="M:YGZipLib.ZipArcClass.AddFilePathAsync(System.String,System.String)">
 <summary>
 Add a file (file name)
 </summary>
 <param name="storeFileName">stored file name</param>
 <param name="filePath">Path of the file to add</param>
 <remarks></remarks>
</member>
<member name="M:YGZipLib.ZipArcClass.AddFilePathAsync(System.String,System.String,System.Threading.CancellationToken)">
 <summary>
 Add a file (file name)
 </summary>
 <param name="storeFileName">stored file name</param>
 <param name="filePath">Path of the file to add</param>
 <param name="cancelToken">cancellation token</param>
 <remarks></remarks>
</member>
<member name="M:YGZipLib.ZipArcClass.AddFileInfo(System.IO.FileInfo)">
 <summary>
 Adding a file (FileInfo)
 </summary>
 <param name="fileInfo">FileInfo</param>
 <remarks></remarks>
</member>
<member name="M:YGZipLib.ZipArcClass.AddFileInfoAsync(System.IO.FileInfo)">
 <summary>
 Adding a file (FileInfo)
 </summary>
 <param name="fileInfo">FileInfo</param>
 <remarks></remarks>
</member>
<member name="M:YGZipLib.ZipArcClass.AddFileInfoAsync(System.IO.FileInfo,System.Threading.CancellationToken)">
 <summary>
 Adding a file (FileInfo)
 </summary>
 <param name="fileInfo">FileInfo</param>
 <param name="cancelToken">cancellation token</param>
 <remarks></remarks>
</member>
<member name="M:YGZipLib.ZipArcClass.AddFileInfo(System.String,System.IO.FileInfo)">
 <summary>
 Adding a file (FileInfo)
 </summary>
 <param name="storeFileName">stored file name</param>
 <param name="fileInfo">FileInfo</param>
 <remarks></remarks>
</member>
<member name="M:YGZipLib.ZipArcClass.AddFileInfoAsync(System.String,System.IO.FileInfo)">
 <summary>
 Adding a file (FileInfo)
 </summary>
 <param name="storeFileName">stored file name</param>
 <param name="fileInfo">FileInfo</param>
 <remarks></remarks>
</member>
<member name="M:YGZipLib.ZipArcClass.AddFileInfoAsync(System.String,System.IO.FileInfo,System.Threading.CancellationToken)">
 <summary>
 Adding a file (FileInfo)
 </summary>
 <param name="storeFileName">stored file name</param>
 <param name="fileInfo">FileInfo</param>
 <param name="cancelToken">cancellation token</param>
 <remarks></remarks>
</member>
<member name="M:YGZipLib.ZipArcClass.GetSemaphoreCount">
 <summary>
 Get default multiplicity
 </summary>
 <returns></returns>
</member>
<member name="M:YGZipLib.ZipArcClass.AddZipDirectoryRecuriveAsync(System.String,System.String,System.Collections.Generic.List{System.Text.RegularExpressions.Regex},System.Collections.Generic.List{System.Text.RegularExpressions.Regex},System.Threading.CancellationToken)">
 <summary>
 Add directories recursively to the archive
 </summary>
 <param name="baseDir">Parent directory to be stored in the archive</param>
 <param name="dirPath">File or directory to store</param>
 <param name="excludeDirectoryNameList">Regular expression list of directories to be excluded from storage (the directories below the matching directory are excluded from storage)</param>
 <param name="excludeFileNameList">Regular expression list of files to be excluded from storage</param>
 <remarks></remarks>
</member>
<member name="M:YGZipLib.ZipArcClass.AddZipDirectoryRecuriveMainAsync(System.String,System.String,System.Collections.Generic.List{System.Text.RegularExpressions.Regex},System.Collections.Generic.List{System.Text.RegularExpressions.Regex},System.Threading.CancellationToken)">
 <summary>
 Add directories recursively to the archive
 </summary>
 <param name="baseDir"></param>
 <param name="dirPath"></param>
 <param name="excludeFileNameList"></param>
 <param name="excludeDirectoryNameList"></param>
 <returns></returns>
</member>
<member name="M:YGZipLib.ZipArcClass.AddZipDirectory(System.String,System.DateTime,System.DateTime,System.DateTime,System.Threading.CancellationToken)">
 <summary>
 Add an empty directory
 </summary>
 <param name="directoryName">directory name</param>
 <param name="creationTimeStamp">creation timestamp</param>
 <param name="lastWriteTimeStamp">update timestamp</param>
 <param name="lastAccessTimeStamp">access timestamp</param>
</member>
<member name="M:YGZipLib.ZipArcClass.AddZipDirectorySub(System.String,System.DateTime,System.DateTime,System.DateTime,System.Threading.CancellationToken)">
 <summary>
 Add a directory (Sub)
 </summary>
 <param name="directoryName">directory name</param>
 <param name="creationTimeStamp">creation timestamp</param>
 <param name="lastWriteTimeStamp">update timestamp</param>
 <param name="lastAccessTimeStamp">access timestamp</param>
 <remarks></remarks>
</member>
<member name="M:YGZipLib.ZipArcClass.AddZipFileAsync(System.String,System.IO.FileInfo,System.String,YGZipLib.ZipArcClass.COMPRESSION_OPTION,YGZipLib.ZipArcClass.ENCRYPTION_OPTION,System.DateTime,System.DateTime,System.DateTime,System.Threading.CancellationToken)">
 <summary>
 Add a file to the archive (FileInfo)
 </summary>
 <param name="fileName">file name</param>
 <param name="fi">FileInfo</param>
 <param name="password">Password (no encryption if null)</param>
 <param name="fileCreateTimestamp">creation timestamp</param>
 <param name="fileModifyTimestamp">update timestamp</param>
 <param name="fileAccessTimeStamp">access timestamp</param>
 <remarks></remarks>
</member>
<member name="M:YGZipLib.ZipArcClass.AddZipFileAsync(System.String,System.IO.Stream,System.String,YGZipLib.ZipArcClass.COMPRESSION_OPTION,YGZipLib.ZipArcClass.ENCRYPTION_OPTION,System.DateTime,System.DateTime,System.DateTime,System.Threading.CancellationToken)">
 <summary>
 Adding a file to the archive (FileStream)
 </summary>
 <param name="fileName">file name</param>
 <param name="fileStream">Stream of files to be added</param>
 <param name="password">Password (no encryption if null)</param>
 <param name="fileCreateTimestamp">creation timestamp</param>
 <param name="fileModifyTimestamp">update timestamp</param>
 <param name="fileAccessTimeStamp">access timestamp</param>
 <remarks></remarks>
</member>
<member name="M:YGZipLib.ZipArcClass.EditPartInfo(System.String,System.String,YGZipLib.ZipArcClass.COMPRESSION_OPTION,YGZipLib.ZipArcClass.ENCRYPTION_OPTION,System.DateTime,System.DateTime,System.DateTime,System.Threading.CancellationToken)">
 <summary>
 PartInfo Editing
 </summary>
 <param name="fileName"></param>
 <param name="password"></param>
 <param name="compressionOption"></param>
 <param name="encryptionOption"></param>
 <param name="fileCreateTimestamp"></param>
 <param name="fileModifyTimestamp"></param>
 <param name="fileAccessTimestamp"></param>
 <returns></returns>
 <remarks></remarks>
</member>
<member name="M:YGZipLib.ZipArcClass.AddZipDirectorySub(YGZipLib.Common.PartInfoClass,System.Threading.CancellationToken)">
 <summary>
 Individual directory creation sub for ZIP archives
 </summary>
 <param name="partInfo"></param>
</member>
<member name="M:YGZipLib.ZipArcClass.AddZipFileAsyncSubAsync(YGZipLib.Common.PartInfoClass,System.IO.Stream,System.Threading.CancellationToken)">
 <summary>
 Individual file creation sub for ZIP archives (for files)
 </summary>
 <param name="partInfo"></param>
 <param name="fileStream"></param>
</member>
<member name="M:YGZipLib.ZipArcClass.WriteTempStreamAsync(System.IO.Stream,System.IO.Stream,YGZipLib.Common.PartInfoClass,System.Threading.CancellationToken)">
 <summary>
 Compress and output a single file into a temporary stream
 </summary>
 <returns></returns>
 <remarks></remarks>
</member>
<member name="M:YGZipLib.ZipArcClass.EditExtraData(YGZipLib.Common.PartInfoClass)">
 <summary>
 ExtraData Editing
 </summary>
 <param name="partInfo"></param>
 <remarks></remarks>
</member>
<member name="M:YGZipLib.ZipArcClass.EditZip64ExtraData(YGZipLib.Common.PartInfoClass,YGZipLib.Common.ZipHeader.PK0708Info)">
 <summary>
 Edit Zip64ExtraDataInfo
 </summary>
 <param name="partInfo"></param>
 <param name="pk0708work"></param>
 <remarks></remarks>
</member>
<member name="M:YGZipLib.ZipArcClass.EditPK0102(YGZipLib.Common.PartInfoClass)">
 <summary>
 Central Directory Editing
 </summary>
 <param name="partInfo"></param>
 <remarks></remarks>
</member>
<member name="M:YGZipLib.ZipArcClass.EditPK0304(YGZipLib.Common.PartInfoClass,YGZipLib.Common.ZipHeader.PK0708Info)">
 <summary>
 Local File Header Editing
 </summary>
 <param name="partInfo"></param>
 <remarks></remarks>
</member>
<member name="M:YGZipLib.ZipArcClass.EditPK0708(YGZipLib.Common.PartInfoClass,YGZipLib.Common.ZipHeader.PK0708Info)">
 <summary>
 DataDescriptor Editing
 </summary>
 <param name="partInfo"></param>
 <param name="pk0708Work"></param>
 <remarks></remarks>
</member>
<member name="M:YGZipLib.ZipArcClass.AddQueue(YGZipLib.Common.PartInfoClass,System.IO.Stream,System.Threading.CancellationToken)">
 <summary>
 Add export queue to base stream
 </summary>
 <param name="partInfo"></param>
 <param name="stream"></param>
</member>
<member name="M:YGZipLib.ZipArcClass.WriteBaseStreamAsync(System.Threading.CancellationToken)">
 <summary>
 Asynchronous write to BASE stream
 </summary>
 <returns></returns>
</member>
</members>
</doc>
