<?xml version="1.0"?>
<doc>
    <assembly>
        <name>YGZipLib</name>
    </assembly>
    <members>
        <member name="F:YGZipLib.Common.PartInfoClass.fileName">
            <summary>ファイル名</summary>
        </member>
        <member name="F:YGZipLib.Common.PartInfoClass.fileCreateTimeStamp">
            <summary>格納ファイルの作成タイムスタンプ</summary>
        </member>
        <member name="F:YGZipLib.Common.PartInfoClass.fileModifyTimeStamp">
            <summary>格納ファイルの更新タイムスタンプ</summary>
        </member>
        <member name="F:YGZipLib.Common.PartInfoClass.fileAccessTimeStamp">
            <summary>格納ファイルのアクセスタイムスタンプ</summary>
        </member>
        <member name="F:YGZipLib.Common.PartInfoClass.fileAttribute">
            <summary>ファイル属性</summary>
        </member>
        <member name="F:YGZipLib.Common.PartInfoClass.compressionOption">
            <summary>圧縮オプション</summary>
        </member>
        <member name="F:YGZipLib.Common.PartInfoClass.encryptionOption">
            <summary>暗号化オプション</summary>
        </member>
        <member name="F:YGZipLib.Common.PartInfoClass.password">
            <summary>暗号化パスワード</summary>
        </member>
        <member name="F:YGZipLib.Common.PartInfoClass.pk0102Header">
            <summary>PK0102Header</summary>
        </member>
        <member name="F:YGZipLib.Common.PartInfoClass.pk0304HeaderPos">
            <summary>PK0304Header位置</summary>
        </member>
        <member name="F:YGZipLib.Common.PartInfoClass.pk0304Header">
            <summary>PK0304Header</summary>
        </member>
        <member name="F:YGZipLib.Common.PartInfoClass.pk0708Header">
            <summary>PK0708Header</summary>
        </member>
        <member name="F:YGZipLib.Common.PartInfoClass.ntfsTimestampExtraData">
            <summary>NTFS TimeStamp ExtraData</summary>
        </member>
        <member name="F:YGZipLib.Common.PartInfoClass.aesExtraData">
            <summary>AES ExtraData</summary>
        </member>
        <member name="F:YGZipLib.Common.PartInfoClass.zip64ExtraData">
            <summary>Zip64 ExtraData</summary>
        </member>
        <member name="F:YGZipLib.Common.PartInfoClass.writeDataDescriptor">
            <summary>DataDescriptor(PK0708)を出力する</summary>
        </member>
        <member name="P:YGZipLib.Common.PartInfoClass.IsDirectory">
            <summary>ディレクトリであることを表す</summary>
        </member>
        <member name="M:YGZipLib.Common.ShareMethodClass.ReadStream(System.IO.Stream,System.Byte[])">
            <summary>
            ストリームからバッファ数分のデータを取得する
            </summary>
            <param name="inputStream"></param>
            <param name="buffer"></param>
            <remarks></remarks>
        </member>
        <member name="M:YGZipLib.Common.ShareMethodClass.StreamReadBuffer(System.IO.Stream,System.Byte[])">
            <summary>
            ストリームから指定されたバッファ長分読み込む。途中でストリームの終わりになった場合、例外が発生する。
            </summary>
            <param name="st"></param>
            <param name="buffer"></param>
            <remarks></remarks>
        </member>
        <member name="M:YGZipLib.Common.ShareMethodClass.StreamReadBufferAsync(System.IO.Stream,System.Byte[],System.Threading.CancellationToken)">
            <summary>
            ストリームから指定されたバッファ長分読み込む。途中でストリームの終わりになった場合、例外が発生する。
            </summary>
            <param name="st"></param>
            <param name="buffer"></param>
            <param name="cancelToken"></param>
            <remarks></remarks>
        </member>
        <member name="M:YGZipLib.Common.ShareMethodClass.StreamToStreamAsync(System.IO.Stream,System.IO.Stream,System.Threading.CancellationToken)">
            <summary>
            元ストリームの現在位置から最後までを別ストリームに出力する
            </summary>
            <param name="sourceStream"></param>
            <param name="destStream"></param>
            <param name="cancelToken"></param>
            <returns></returns>
        </member>
        <member name="M:YGZipLib.Common.ShareMethodClass.EncodeDosFileDate(System.DateTime)">
            <summary>
            DOS形式の日付編集
            </summary>
            <param name="fileTime"></param>
            <returns></returns>
            <remarks></remarks>
        </member>
        <member name="M:YGZipLib.Common.ShareMethodClass.EncodeDosFileTime(System.DateTime)">
            <summary>
            DOS形式の日付編集
            </summary>
            <param name="fileTimeStamp"></param>
            <returns></returns>
            <remarks></remarks>
        </member>
        <member name="M:YGZipLib.Common.ShareMethodClass.DecodeDosFileDateTime(System.UInt16,System.UInt16)">
            <summary>
            DOS形式の日付をDateTime型に変換
            </summary>
            <param name="fileDate"></param>
            <param name="fileTime"></param>
            <returns></returns>
            <remarks></remarks>
        </member>
        <member name="M:YGZipLib.Common.ShareMethodClass.GetCrcTable">
            <summary>
            CRCテーブル取得
            </summary>
            <remarks></remarks>
        </member>
        <member name="M:YGZipLib.Common.ShareMethodClass.ByteArrayCompare(System.Byte[],System.Byte[])">
            <summary>
            バイト配列が等しいかチェックする
            </summary>
            <param name="byteArray1"></param>
            <param name="byteArray2"></param>
            <returns></returns>
            <remarks></remarks>
        </member>
        <member name="M:YGZipLib.Common.ShareMethodClass.AnsiEncoding">
            <summary>
            システム規定のANSIエンコーディングを返却する
            </summary>
            <returns></returns>
            <remarks></remarks>
        </member>
        <member name="M:YGZipLib.Common.ShareMethodClass.CharExists(System.Char[],System.String)">
            <summary>
            文字列中に指定の文字が含まれているかチェックする
            </summary>
            <param name="findChars"></param>
            <param name="searchString"></param>
            <returns></returns>
        </member>
        <member name="T:YGZipLib.Common.ZipHeader.PK0102Info">
            <summary>
            CentralDirectory(PK0102)クラス
            </summary>
            <remarks></remarks>
        </member>
        <member name="T:YGZipLib.Common.ZipHeader.PK0304Info">
            <summary>
            LocalHeader(PK0304)クラス
            </summary>
            <remarks></remarks>
        </member>
        <member name="T:YGZipLib.Common.ZipHeader.PK0506Info">
            <summary>
            EndOfCentralDirectory(PK0506)クラス
            </summary>
            <remarks></remarks>
        </member>
        <member name="T:YGZipLib.Common.ZipHeader.PK0606Info">
            <summary>
            Zip64EndOfCentralDirectory(PK0606)クラス
            </summary>
            <remarks></remarks>
        </member>
        <member name="T:YGZipLib.Common.ZipHeader.PK0607Info">
            <summary>
            Zip64EndOfCentralDirectoryLocator(PK0607)クラス
            </summary>
            <remarks></remarks>
        </member>
        <member name="T:YGZipLib.Common.ZipHeader.PK0708Info">
            <summary>
            DataDescriptor(PK0708)クラス
            </summary>
            <remarks></remarks>
        </member>
        <member name="T:YGZipLib.Common.ZipHeader.AesExtraDataInfo">
            <summary>
            AES extra data field
            </summary>
            <remarks></remarks>
        </member>
        <member name="T:YGZipLib.Common.ZipHeader.NtfsDateExtraDataInfo">
            <summary>
            NTFS FileTimestamp Extra Data Field
            </summary>
            <remarks></remarks>
        </member>
        <member name="T:YGZipLib.Common.ZipHeader.Zip64ExtraDataInfo">
            <summary>
            Zip64 Extra Data Field
            </summary>
            <remarks></remarks>
        </member>
        <member name="T:YGZipLib.Streams.CalcCrc32Stream">
            <summary>
            CRC32算出クラス
            </summary>
            <remarks></remarks>
        </member>
        <member name="P:YGZipLib.Streams.CalcCrc32Stream.Crc32">
            <summary>
            算出したCRC32取得
            </summary>
            <value></value>
            <returns></returns>
            <remarks></remarks>
        </member>
        <member name="M:YGZipLib.Streams.CalcCrc32Stream.#ctor(System.IO.Stream,YGZipLib.Streams.CalcCrc32Stream.STREAM_MODE)">
            <summary>
            コンストラクタ
            </summary>
            <remarks></remarks>
        </member>
        <member name="M:YGZipLib.Streams.CalcCrc32Stream.ResetCrc32">
            <summary>
            CRC32算出結果のリセット
            </summary>
            <remarks></remarks>
        </member>
        <member name="T:YGZipLib.Streams.InputStream">
            <summary>
            InputStream
            元ストリームの指定範囲を独立したInputStreamのように取り扱えるStream
            ※他から元ストリームのPositionを変更するような操作を行わないこと
            </summary>
        </member>
        <member name="M:YGZipLib.Streams.InputStream.#ctor(System.IO.Stream)">
            <summary>
            コンストラクタ
            </summary>
            <param name="inputStream"></param>
            <remarks>
            元となるストリーム全体をInputStreamとする
            </remarks>
        </member>
        <member name="M:YGZipLib.Streams.InputStream.#ctor(System.IO.Stream,System.Int64)">
            <summary>
            コンストラクタ
            </summary>
            <param name="inputStream"></param>
            <param name="inputLength"></param>
            <remarks>
            元となるストリームの現在位置から指定された長さ分をInputStreamとする
            </remarks>
        </member>
        <member name="M:YGZipLib.Streams.InputStream.ReadBuffer(System.Byte[])">
            <summary>
            元ストリームから指定されたバッファ長分読み込む。途中でストリームの終わりになった場合、例外が発生する。
            </summary>
            <param name="buffer"></param>
            <remarks></remarks>
        </member>
        <member name="M:YGZipLib.Streams.InputStream.CheckBaseStream(System.IO.Stream)">
            <summary>
            元ストリームのチェック
            </summary>
            <param name="baseStream"></param>
        </member>
        <member name="T:YGZipLib.Streams.TempStreamManage">
            <summary>
            テンポラリストリーム管理クラス
            </summary>
            <remarks>
            管理クラスをインポートしてGetTempStreamで<see cref="T:YGZipLib.Streams.TempStreamManage.AutoTemporaryStream" />を取得する
            <see cref="T:YGZipLib.Streams.TempStreamManage.AutoTemporaryStream" />は使用終了後にClose/Disposeすること
            </remarks>
        </member>
        <member name="F:YGZipLib.Streams.TempStreamManage.FILESTREAM_BUFFER_SIZE">
            <summary>
            ファイルストリームのバッファサイズ
            </summary>
        </member>
        <member name="F:YGZipLib.Streams.TempStreamManage.lockObject">
            <summary>
            tempFileListをロックするためのオブジェクト
            </summary>
        </member>
        <member name="F:YGZipLib.Streams.TempStreamManage.tempDirPath">
            <summary>
            一時ファイルのパス
            </summary>
        </member>
        <member name="F:YGZipLib.Streams.TempStreamManage.tempFileList">
            <summary>
            TempFileStreamを管理するためのリスト
            </summary>
        </member>
        <member name="P:YGZipLib.Streams.TempStreamManage.TempFileStream.InUse">
            <summary>
            使用中
            </summary>
            <returns></returns>
        </member>
        <member name="F:YGZipLib.Streams.TempStreamManage.AutoTemporaryStream.tempStream">
            <summary>
            テンポラリストリーム
            </summary>
        </member>
        <member name="F:YGZipLib.Streams.TempStreamManage.AutoTemporaryStream.MAX_MEMORY_STREAM_SIZE">
            <summary>
            MemoryStreamの最大サイズ。このサイズを超えるとファイルストリームに切り替える
            </summary>
        </member>
        <member name="M:YGZipLib.Streams.TempStreamManage.AutoTemporaryStream.SwitchToFileStream">
            <summary>
            メモリストリームからファイルストリームに変更
            </summary>
        </member>
        <member name="M:YGZipLib.Streams.TempStreamManage.GetTempFIleStream">
            <summary>
            TemporaryFileStreamの取得
            </summary>
            <returns></returns>
        </member>
        <member name="M:YGZipLib.Streams.TempStreamManage.CloseTempFIleStream(System.IO.Stream)">
            <summary>
            ストリームをクローズする
            </summary>
            <param name="st"></param>
        </member>
        <member name="M:YGZipLib.Streams.TempStreamManage.DisposeAllStream">
            <summary>
            全ファイルストリームを開放する
            </summary>
        </member>
        <member name="T:YGZipLib.Streams.UnzipTemp">
            <summary>
            UnZipをマルチスレッドで実行するためのストリーム
            </summary>
        </member>
        <member name="T:YGZipLib.Streams.WriteCountStream">
            <summary>
            出力件数カウントストリーム
            </summary>
            <remarks></remarks>
        </member>
        <member name="T:YGZipLib.Streams.ZipAesCryptStream">
            <summary>
            ZIP AES暗号化クラス
            </summary>
            <remarks></remarks>
        </member>
        <member name="F:YGZipLib.Streams.ZipAesCryptStream.MASK_COUNT">
            <summary>マスク配列サイズ(16の倍数で指定)</summary>
        </member>
        <member name="F:YGZipLib.Streams.ZipAesCryptStream.AES_SALT_LENGTH">
            <summary>SALT長定義</summary>
        </member>
        <member name="F:YGZipLib.Streams.ZipAesCryptStream.AES_KEY_LENGTH">
            <summary>KEY長定義</summary>
        </member>
        <member name="F:YGZipLib.Streams.ZipAesCryptStream.writeStream">
            <summary>出力用Stream</summary>
        </member>
        <member name="F:YGZipLib.Streams.ZipAesCryptStream.readStream">
            <summary>入力用Stream</summary>
        </member>
        <member name="F:YGZipLib.Streams.ZipAesCryptStream.aesCrypt">
            <summary>AES</summary>
        </member>
        <member name="F:YGZipLib.Streams.ZipAesCryptStream.aesTrans">
            <summary>AES暗号化/復号化</summary>
        </member>
        <member name="F:YGZipLib.Streams.ZipAesCryptStream.calcHmac">
            <summary>HMAC計算用</summary>
        </member>
        <member name="F:YGZipLib.Streams.ZipAesCryptStream.streamMode">
            <summary>Streamモード</summary>
        </member>
        <member name="F:YGZipLib.Streams.ZipAesCryptStream.decryptionVaridationData">
            <summary>復号化時の検証値待避</summary>
        </member>
        <member name="F:YGZipLib.Streams.ZipAesCryptStream.aesCtrArray">
            <summary>CTRモード用のカウンタ</summary>
        </member>
        <member name="F:YGZipLib.Streams.ZipAesCryptStream.maskBytes">
            <summary>暗号化用マスク配列</summary>
        </member>
        <member name="F:YGZipLib.Streams.ZipAesCryptStream.plainArray">
            <summary>暗号化用マスク作成用配列</summary>
        </member>
        <member name="F:YGZipLib.Streams.ZipAesCryptStream.workMaskSelecter">
            <summary>暗号化用マスクワークセレクター</summary>
        </member>
        <member name="F:YGZipLib.Streams.ZipAesCryptStream.workMaskArray0">
            <summary>暗号化用マスクワーク1</summary>
        </member>
        <member name="F:YGZipLib.Streams.ZipAesCryptStream.workMaskArray1">
            <summary>暗号化用マスクワーク2</summary>
        </member>
        <member name="F:YGZipLib.Streams.ZipAesCryptStream.maskPosition">
            <summary>マスク用配列ポインタ</summary>
        </member>
        <member name="F:YGZipLib.Streams.ZipAesCryptStream.maskTask">
            <summary>マスク配列作成タスク</summary>
        </member>
        <member name="M:YGZipLib.Streams.ZipAesCryptStream.#ctor(System.IO.Stream,YGZipLib.ZipArcClass.ENCRYPTION_OPTION,System.Byte[],YGZipLib.Streams.ZipAesCryptStream.STREAM_MODE)">
            <summary>
            コンストラクタ
            </summary>
            <param name="baseStream"></param>
            <param name="aesMode"></param>
            <param name="password"></param>
            <param name="streamMode"></param>
            <remarks></remarks>
        </member>
        <member name="M:YGZipLib.Streams.ZipAesCryptStream.InitKey(YGZipLib.ZipArcClass.ENCRYPTION_OPTION,System.Byte[],System.Byte[])">
            <summary>
            キー初期化
            </summary>
            <param name="aesMode">AESモード</param>
            <param name="password">パスワード</param>
            <param name="aesSalt"></param>
            <remarks></remarks>
        </member>
        <member name="M:YGZipLib.Streams.ZipAesCryptStream.GetNextMask">
            <summary>
            次のマスク値を取得
            </summary>
            <remarks></remarks>
        </member>
        <member name="M:YGZipLib.Streams.ZipAesCryptStream.GetNextMaskTask">
            <summary>
            maskBytesWorkに次のマスク用配列を準備する
            </summary>
            <returns></returns>
        </member>
        <member name="T:YGZipLib.Streams.ZipCryptStream">
            <summary>
            ZIP暗号化クラス
            </summary>
            <remarks></remarks>
        </member>
        <member name="F:YGZipLib.Streams.ZipCryptStream.encoded">
            <summary>暗号化用バッファ</summary>
        </member>
        <member name="M:YGZipLib.Streams.ZipCryptStream.#ctor(System.IO.Stream,System.Byte[],System.UInt32,YGZipLib.Streams.ZipCryptStream.STREAM_MODE)">
            <summary>
            コンストラクタ
            </summary>
            <param name="baseStream">ベースストリーム</param>
            <param name="password">パスワード</param>
            <param name="crc32">暗号化前のCRC</param>
            <param name="streamMode">暗号化or復号化</param>
            <remarks></remarks>
        </member>
        <member name="M:YGZipLib.Streams.ZipCryptStream.ZEncode(System.Byte)">
            <summary>
            1Byte暗号化する
            </summary>
            <param name="n">暗号化前のByte値</param>
            <returns>暗号化後のByte値</returns>
            <remarks></remarks>
        </member>
        <member name="M:YGZipLib.Streams.ZipCryptStream.ZDecode(System.Byte)">
            <summary>
            1Byte復号化する
            </summary>
            <param name="n">復号化前のByte値</param>
            <returns>復号化後のByte値</returns>
            <remarks></remarks>
        </member>
        <member name="M:YGZipLib.Streams.ZipCryptStream.UpdateKeys(System.Byte)">
            <summary>
            ZIP暗号化キー更新
            </summary>
            <param name="n"></param>
            <remarks></remarks>
        </member>
        <member name="M:YGZipLib.Streams.ZipCryptStream.InitZipDecrypt(System.Byte[],System.UInt32)">
            <summary>
            ZIP暗号化初期化(復号化)
            </summary>
            <param name="password"></param>
            <param name="crc32"></param>
            <remarks></remarks>
        </member>
        <member name="M:YGZipLib.Streams.ZipCryptStream.InitZipEncrypt(System.Byte[],System.UInt32)">
            <summary>
            ZIP暗号化初期化(暗号化)
            </summary>
            <param name="password"></param>
            <param name="crc32"></param>
            <remarks></remarks>
        </member>
        <member name="T:YGZipLib.UnZipArcClass">
            <summary>
            ZIP書庫展開クラス
            </summary>
            <remarks></remarks>
        </member>
        <member name="F:YGZipLib.UnZipArcClass.MAX_SEMAPHORE_COUNT">
            <summary>
            デフォルトの最大の多重度
            展開時はネックになる部分がないのでデフォルト8
            </summary>
        </member>
        <member name="F:YGZipLib.UnZipArcClass.centralDirectoryList">
            <summary>書庫内ファイルリスト</summary>
        </member>
        <member name="F:YGZipLib.UnZipArcClass.defaultZipTextEncoding">
            <summary>書庫およびパスワードのエンコーディング</summary>
        </member>
        <member name="F:YGZipLib.UnZipArcClass.defaultPassword">
            <summary>パスワード付きファイルの復号に使用するパスワード</summary>
        </member>
        <member name="F:YGZipLib.UnZipArcClass.unzipTempStream">
            <summary>入力情報を保持する</summary>
        </member>
        <member name="P:YGZipLib.UnZipArcClass.ZipFileNameEncoding">
            <summary>
            ファイル名・パスワードのエンコーディング  Default:システム規定値(<see cref="P:System.Text.Encoding.Default" />)
            <para>日本語に設定されたWindowsのnet Framework環境の場合shift-jisとなるが、.net core等の環境ではUTF8が規定値となるので、必要な場合は適切なEncodingを指定する</para>
            </summary>
            <remarks></remarks>
        </member>
        <member name="P:YGZipLib.UnZipArcClass.Password">
            <summary>
            書庫の復号に使用するパスワード
            <para>暗号化ZIPの場合指定する</para>
            <para><see cref="M:YGZipLib.UnZipArcClass.PutFile(YGZipLib.UnZipArcClass.CentralDirectoryInfo,System.IO.Stream)">PutFile</see>,<see cref="M:YGZipLib.UnZipArcClass.PutFileAsync(YGZipLib.UnZipArcClass.CentralDirectoryInfo,System.IO.FileInfo,System.String,System.Threading.CancellationToken)">PutFileAsync</see>メソッドにもPasswordを指定できますが、どちらでも指定が可能です。</para>
            </summary>
            <value></value>
            <remarks>
            </remarks>
        </member>
        <member name="P:YGZipLib.UnZipArcClass.GetFileList">
            <summary>
            書庫内のファイル一覧を取得
            </summary>
            <value></value>
            <returns></returns>
            <remarks></remarks>
        </member>
        <member name="M:YGZipLib.UnZipArcClass.#ctor(System.IO.Stream)">
            <summary>
            コンストラクタ
            </summary>
            <param name="zipStream">ZIP書庫ストリーム</param>
            <remarks></remarks>
        </member>
        <member name="M:YGZipLib.UnZipArcClass.#ctor(System.Byte[])">
            <summary>
            コンストラクタ
            </summary>
            <param name="zipByts">ZIP書庫のバイト配列</param>
        </member>
        <member name="M:YGZipLib.UnZipArcClass.#ctor(System.String)">
            <summary>
            コンストラクタ
            </summary>
            <param name="zipFilePath">ZIP書庫のパス</param>
        </member>
        <member name="M:YGZipLib.UnZipArcClass.#ctor(System.IO.Stream,System.Int32)">
            <summary>
            コンストラクタ
            </summary>
            <param name="zipStream">ZIP書庫ストリーム</param>
            <param name="semaphoreCount">圧縮処理最大多重度(0の場合は<see cref="P:System.Environment.ProcessorCount" />)</param>
            <remarks></remarks>
        </member>
        <member name="M:YGZipLib.UnZipArcClass.#ctor(System.Byte[],System.Int32)">
            <summary>
            コンストラクタ
            </summary>
            <param name="zipByts">ZIP書庫のバイト配列</param>
            <param name="semaphoreCount">圧縮処理最大多重度(0の場合は<see cref="P:System.Environment.ProcessorCount" />)</param>
        </member>
        <member name="M:YGZipLib.UnZipArcClass.#ctor(System.String,System.Int32)">
            <summary>
            コンストラクタ
            </summary>
            <param name="zipFilePath">ZIP書庫のパス</param>
            <param name="semaphoreCount">圧縮処理最大多重度(0の場合は<see cref="P:System.Environment.ProcessorCount" />)</param>
        </member>
        <member name="M:YGZipLib.UnZipArcClass.GetSemaphoreCount">
            <summary>
            デフォルトの多重度取得
            </summary>
            <returns></returns>
        </member>
        <member name="T:YGZipLib.UnZipArcClass.CentralDirectoryInfo">
            <summary>
            CentralDirectory情報保持クラス
            </summary>
            <remarks></remarks>
        </member>
        <member name="P:YGZipLib.UnZipArcClass.CentralDirectoryInfo.LocalHeaderPos">
            <summary>
            ローカルヘッダの開始位置
            </summary>
            <value></value>
            <returns></returns>
            <remarks></remarks>
        </member>
        <member name="P:YGZipLib.UnZipArcClass.CentralDirectoryInfo.Crc32">
            <summary>CRC32</summary>
        </member>
        <member name="P:YGZipLib.UnZipArcClass.CentralDirectoryInfo.Flag">
            <summary>Flag</summary>
        </member>
        <member name="P:YGZipLib.UnZipArcClass.CentralDirectoryInfo.CompressionMethod">
            <summary>Comptype</summary>
        </member>
        <member name="P:YGZipLib.UnZipArcClass.CentralDirectoryInfo.CompressionMethodOv">
            <summary>Comptype</summary>
        </member>
        <member name="P:YGZipLib.UnZipArcClass.CentralDirectoryInfo.ZipFileNameEncoding">
            <summary>
            ZIPファイル名のEncoding
            UTF8のフラグがセットされていた場合はUTF8を使用する
            </summary>
            <value></value>
            <returns></returns>
            <remarks></remarks>
        </member>
        <member name="P:YGZipLib.UnZipArcClass.CentralDirectoryInfo.FileName">
            <summary>
            ファイル名
            </summary>
            <value></value>
            <returns></returns>
            <remarks></remarks>
        </member>
        <member name="P:YGZipLib.UnZipArcClass.CentralDirectoryInfo.FullName">
            <summary>
            ディレクトリを含むファイル名
            </summary>
            <value></value>
            <returns></returns>
            <remarks></remarks>
        </member>
        <member name="P:YGZipLib.UnZipArcClass.CentralDirectoryInfo.DirectoryName">
            <summary>
            ディレクトリ名
            </summary>
            <value></value>
            <returns></returns>
            <remarks></remarks>
        </member>
        <member name="P:YGZipLib.UnZipArcClass.CentralDirectoryInfo.CreateTimestamp">
            <summary>
            作成タイムスタンプ
            </summary>
            <value></value>
            <returns></returns>
            <remarks></remarks>
        </member>
        <member name="P:YGZipLib.UnZipArcClass.CentralDirectoryInfo.ModifyTimestamp">
            <summary>
            更新タイムスタンプ
            </summary>
            <value></value>
            <returns></returns>
            <remarks></remarks>
        </member>
        <member name="P:YGZipLib.UnZipArcClass.CentralDirectoryInfo.AccessTimestamp">
            <summary>
            アクセスタイムスタンプ
            </summary>
            <value></value>
            <returns></returns>
            <remarks></remarks>
        </member>
        <member name="P:YGZipLib.UnZipArcClass.CentralDirectoryInfo.FileSize">
            <summary>
            格納前のファイルサイズ
            </summary>
            <value></value>
            <returns></returns>
            <remarks></remarks>
        </member>
        <member name="P:YGZipLib.UnZipArcClass.CentralDirectoryInfo.CompFileSize">
            <summary>
            格納後のファイルサイズ
            </summary>
            <value></value>
            <returns></returns>
            <remarks></remarks>
        </member>
        <member name="P:YGZipLib.UnZipArcClass.CentralDirectoryInfo.IsDirectory">
            <summary>
            ディレクトリフラグ
            </summary>
            <value></value>
            <returns>ディレクトリの場合True</returns>
            <remarks></remarks>
        </member>
        <member name="P:YGZipLib.UnZipArcClass.CentralDirectoryInfo.IsEncryption">
            <summary>
            暗号化フラグ
            </summary>
            <value></value>
            <returns>暗号化されている場合True</returns>
            <remarks></remarks>
        </member>
        <member name="M:YGZipLib.UnZipArcClass.CentralDirectoryInfo.ToString">
            <summary>
            ToString
            </summary>
            <returns></returns>
        </member>
        <member name="M:YGZipLib.UnZipArcClass.CentralDirectoryInfo.UtfEncoding">
            <summary>
            ファイル名がUTF8エンコードされている
            </summary>
            <returns></returns>
            <remarks></remarks>
        </member>
        <member name="M:YGZipLib.UnZipArcClass.CentralDirectoryInfo.GetExtraField">
            <summary>
            ExtraDataFieldを取得
            </summary>
            <returns></returns>
            <remarks></remarks>
        </member>
        <member name="M:YGZipLib.UnZipArcClass.CentralDirectoryInfo.GetNtfsDataExtraField">
            <summary>
            NTFS時刻情報のExtraFieldを取得
            </summary>
            <returns></returns>
            <remarks></remarks>
        </member>
        <member name="M:YGZipLib.UnZipArcClass.CentralDirectoryInfo.GetAesExtraData">
            <summary>
            AES暗号化のExtraFieldを取得
            </summary>
            <returns></returns>
            <remarks></remarks>
        </member>
        <member name="M:YGZipLib.UnZipArcClass.CentralDirectoryInfo.GetZip64ExtendedInfo">
            <summary>
            ZIP64ExtendedDataを取得
            </summary>
            <returns></returns>
            <remarks></remarks>
        </member>
        <member name="M:YGZipLib.UnZipArcClass.PutFile(YGZipLib.UnZipArcClass.CentralDirectoryInfo,System.String)">
            <summary>
            1ファイル出力
            </summary>
            <param name="centralDirectory">CentoralDirectory</param>
            <param name="outFilePath">出力先ファイルのパス</param>
        </member>
        <member name="M:YGZipLib.UnZipArcClass.PutFile(YGZipLib.UnZipArcClass.CentralDirectoryInfo,System.String,System.String)">
            <summary>
            1ファイル出力
            </summary>
            <param name="centralDirectory">CentoralDirectory</param>
            <param name="outFilePath">出力先ファイルのパス</param>
            <param name="password">パスワード</param>
        </member>
        <member name="M:YGZipLib.UnZipArcClass.PutFileAsync(YGZipLib.UnZipArcClass.CentralDirectoryInfo,System.String,System.Threading.CancellationToken)">
            <summary>
            1ファイル出力
            </summary>
            <param name="centralDirectory">CentoralDirectory</param>
            <param name="outFilePath">出力先ファイルのパス</param>
            <param name="cancelToken">キャンセルトークン</param>
            <returns></returns>
        </member>
        <member name="M:YGZipLib.UnZipArcClass.PutFileAsync(YGZipLib.UnZipArcClass.CentralDirectoryInfo,System.String,System.String,System.Threading.CancellationToken)">
            <summary>
            1ファイル出力
            </summary>
            <param name="centralDirectory">CentoralDirectory</param>
            <param name="outFilePath">出力先ファイルのパス</param>
            <param name="password">パスワード</param>
            <param name="cancelToken">キャンセルトークン</param>
            <returns></returns>
        </member>
        <member name="M:YGZipLib.UnZipArcClass.PutFileAsync(YGZipLib.UnZipArcClass.CentralDirectoryInfo,System.IO.FileInfo,System.String,System.Threading.CancellationToken)">
            <summary>
            ファイルの取得(ファイルへの出力)
            </summary>
            <param name="centralDirectory">CentralDirectory</param>
            <param name="fileInfo">出力先ファイルのFileInfo</param>
            <param name="password">暗号化パスワード</param>
            <param name="cancelToken"></param>
            <remarks></remarks>
        </member>
        <member name="M:YGZipLib.UnZipArcClass.PutFile(YGZipLib.UnZipArcClass.CentralDirectoryInfo,System.IO.Stream)">
            <summary>
            1ファイル出力(ストリームに出力)
            </summary>
            <param name="centralDirectory">CentoralDirectory</param>
            <param name="outStream">出力先ストリーム</param>
        </member>
        <member name="M:YGZipLib.UnZipArcClass.PutFile(YGZipLib.UnZipArcClass.CentralDirectoryInfo,System.IO.Stream,System.String)">
            <summary>
            1ファイル出力(ストリームに出力)
            </summary>
            <param name="centralDirectory">CentoralDirectory</param>
            <param name="outStream">出力先ストリーム</param>
            <param name="password">パスワード</param>
        </member>
        <member name="M:YGZipLib.UnZipArcClass.PutFileAsync(YGZipLib.UnZipArcClass.CentralDirectoryInfo,System.IO.Stream,System.Threading.CancellationToken)">
            <summary>
            1ファイル出力(ストリームに出力)
            </summary>
            <param name="centralDirectory">CentralDirectory</param>
            <param name="outStream">出力先ストリーム</param>
            <param name="cancelToken">キャンセルトークン</param>
            <remarks></remarks>
        </member>
        <member name="M:YGZipLib.UnZipArcClass.PutFileAsync(YGZipLib.UnZipArcClass.CentralDirectoryInfo,System.IO.Stream,System.String,System.Threading.CancellationToken)">
            <summary>
            1ファイル出力(ストリームに出力)
            </summary>
            <param name="centralDirectory">CentralDirectory</param>
            <param name="outStream">出力先ストリーム</param>
            <param name="password">パスワード</param>
            <param name="cancelToken">キャンセルトークン</param>
            <remarks></remarks>
        </member>
        <member name="M:YGZipLib.UnZipArcClass.ExtractAllFiles(System.IO.DirectoryInfo)">
            <summary>
            指定したディレクトリに書庫を解凍する
            </summary>
            <param name="outputDirectory">出力先ディレクトリ(存在しない場合は作成する)</param>
        </member>
        <member name="M:YGZipLib.UnZipArcClass.ExtractAllFiles(System.IO.DirectoryInfo,System.String)">
            <summary>
            指定したディレクトリに書庫を解凍する
            </summary>
            <param name="outputDirectory">出力先ディレクトリ(存在しない場合は作成する)</param>
            <param name="password">パスワード</param>
        </member>
        <member name="M:YGZipLib.UnZipArcClass.ExtractAllFilesAsync(System.IO.DirectoryInfo,System.Threading.CancellationToken)">
            <summary>
            指定したディレクトリに書庫を解凍する
            </summary>
            <param name="outputDirectory">出力先ディレクトリ</param>
            <param name="cancelToken">キャンセルトークン</param>
            <remarks></remarks>
        </member>
        <member name="M:YGZipLib.UnZipArcClass.ExtractAllFilesAsync(System.IO.DirectoryInfo,System.String,System.Threading.CancellationToken)">
            <summary>
            指定したディレクトリに書庫を解凍する
            </summary>
            <param name="outputDirectory">出力先ディレクトリ</param>
            <param name="password">暗号化パスワード</param>
            <param name="cancelToken">キャンセルトークン</param>
            <remarks></remarks>
        </member>
        <member name="M:YGZipLib.UnZipArcClass.ToString">
            <summary>
            ToString
            </summary>
            <returns></returns>
        </member>
        <member name="M:YGZipLib.UnZipArcClass.CheckDirectory(System.IO.DirectoryInfo,YGZipLib.UnZipArcClass.CentralDirectoryInfo)">
            <summary>
            出力先ディレクトリの妥当性チェック
            </summary>
            <param name="outputDirectory"></param>
            <param name="centralDirectory"></param>
            <remarks></remarks>
        </member>
        <member name="M:YGZipLib.UnZipArcClass.DecryptionStreamAsync(YGZipLib.UnZipArcClass.CentralDirectoryInfo,YGZipLib.Streams.InputStream,System.String,System.IO.Stream,System.Threading.CancellationToken)">
            <summary>
            復号化ストリーム設定
            </summary>
            <param name="centralDirectory"></param>
            <param name="compDataStream"></param>
            <param name="password"></param>
            <param name="outputStream"></param>
            <param name="cancelToken"></param>
            <remarks></remarks>
        </member>
        <member name="M:YGZipLib.UnZipArcClass.DecompressStreamAsync(YGZipLib.UnZipArcClass.CentralDirectoryInfo,System.IO.Stream,System.IO.Stream,System.Threading.CancellationToken)">
            <summary>
            展開ストリーム設定
            </summary>
            <param name="centralDirectory"></param>
            <param name="compDataStream"></param>
            <param name="outputStream"></param>
            <param name="cancelToken"></param>
            <remarks></remarks>
        </member>
        <member name="M:YGZipLib.UnZipArcClass.StreamWriteAsync(YGZipLib.UnZipArcClass.CentralDirectoryInfo,System.IO.Stream,System.IO.Stream,System.Threading.CancellationToken)">
            <summary>
            ストリーム出力
            </summary>
            <param name="centralDirectory"></param>
            <param name="readStream"></param>
            <param name="outputStream"></param>
            <param name="cancelToken"></param>
            <remarks></remarks>
        </member>
        <member name="M:YGZipLib.UnZipArcClass.GetCentralDirectory">
            <summary>
            CentralDirectoryを取得してリストに格納
            </summary>
            <remarks></remarks>
        </member>
        <member name="M:YGZipLib.UnZipArcClass.FindEndOfCentralDirectory(System.IO.Stream)">
            <summary>
            EndOfCentralDDirectory(PK0506)の位置を取得
            </summary>
            <returns></returns>
            <remarks></remarks>
        </member>
        <member name="M:YGZipLib.UnZipArcClass.FindZip64EndOfCentralDirectory(System.Int64,System.IO.Stream)">
            <summary>
            Zip64 end of central directory recordの位置を取得
            </summary>
            <param name="pk0506pos"></param>
            <param name="zipStream"></param>
            <returns></returns>
            <remarks></remarks>
        </member>
        <member name="M:YGZipLib.UnZipArcClass.Dispose(System.Boolean)">
            <summary>
            Dispose
            </summary>
            <param name="disposing"></param>
        </member>
        <member name="M:YGZipLib.UnZipArcClass.Dispose">
            <summary>
            Dispose
            </summary>
        </member>
        <member name="T:YGZipLib.ZipArcClass">
            <summary>
            ZIP書庫作成クラス
            </summary>
            <remarks>
            </remarks>
        </member>
        <member name="T:YGZipLib.ZipArcClass.COMPRESSION_OPTION">
            <summary>
            圧縮オプション
            </summary>
            <remarks></remarks>
        </member>
        <member name="F:YGZipLib.ZipArcClass.COMPRESSION_OPTION.NOT_COMPRESSED">
            <summary>圧縮なし</summary>
        </member>
        <member name="F:YGZipLib.ZipArcClass.COMPRESSION_OPTION.DEFLATE">
            <summary>Deflate圧縮</summary>
        </member>
        <member name="T:YGZipLib.ZipArcClass.ENCRYPTION_OPTION">
            <summary>
            暗号化方式
            </summary>
            <remarks>
            <see cref="P:YGZipLib.ZipArcClass.Password">Password</see>が指定された場合に使用する暗号化方式を指定します。
            </remarks>
        </member>
        <member name="F:YGZipLib.ZipArcClass.ENCRYPTION_OPTION.TRADITIONAL">
            <summary>ZIP2.0(Traditional PKWARE Encryption)</summary>
        </member>
        <member name="F:YGZipLib.ZipArcClass.ENCRYPTION_OPTION.AES128">
            <summary>AES 128bit(WinZIP互換)</summary>
        </member>
        <member name="F:YGZipLib.ZipArcClass.ENCRYPTION_OPTION.AES192">
            <summary>AES 192bit(WinZIP互換)</summary>
        </member>
        <member name="F:YGZipLib.ZipArcClass.ENCRYPTION_OPTION.AES256">
            <summary>AES 256bit(WinZIP互換)</summary>
        </member>
        <member name="F:YGZipLib.ZipArcClass.SIG_PK0102">
            <summary>CentralFileHeaderSignature</summary>
        </member>
        <member name="F:YGZipLib.ZipArcClass.SIG_PK0304">
            <summary>LocalFileHeaderSignature</summary>
        </member>
        <member name="F:YGZipLib.ZipArcClass.SIG_PK0506">
            <summary>EndOfCentralDirectorySignature</summary>
        </member>
        <member name="F:YGZipLib.ZipArcClass.SIG_PK0606">
            <summary>Zip64EndOfCentralDirectorySignature</summary>
        </member>
        <member name="F:YGZipLib.ZipArcClass.SIG_PK0607">
            <summary>Zip64EndOfCentralDirectoryLocatorSignature</summary>
        </member>
        <member name="F:YGZipLib.ZipArcClass.SIG_PK0708">
            <summary>DataDescriptorHeaderSignature</summary>
        </member>
        <member name="F:YGZipLib.ZipArcClass.MAX_SEMAPHORE_COUNT">
            <summary>
            デフォルト最大多重度
            圧縮/暗号化は並列実行されるが、ZIP書庫への書き込みは一多重なのであまり上げてもトータルの時間はそれ程短くならない
            コア数が多くてもデフォルトでは4多重までにしておく
            </summary>
        </member>
        <member name="F:YGZipLib.ZipArcClass.baseStream">
            <summary>Zip書庫出力用ストリーム</summary>
        </member>
        <member name="F:YGZipLib.ZipArcClass.baseFileStream">
            <summary>Zip書庫出力用ファイルストリーム(zipファイルへの出力時に使用)</summary>
        </member>
        <member name="F:YGZipLib.ZipArcClass.partInfoList">
            <summary>パート情報格納用リスト</summary>
        </member>
        <member name="F:YGZipLib.ZipArcClass.dirDic">
            <summary>ディレクトリ辞書(格納ディレクトリ名)</summary>
        </member>
        <member name="F:YGZipLib.ZipArcClass.dirDicOrg">
            <summary>ディレクトリ辞書(入力されたディレクトリ)</summary>
        </member>
        <member name="F:YGZipLib.ZipArcClass.filenameEncoding">
            <summary>ファイル名・パスワードのエンコーディング</summary>
        </member>
        <member name="F:YGZipLib.ZipArcClass.isFinished">
            <summary>Finish実行済み判定</summary>
        </member>
        <member name="F:YGZipLib.ZipArcClass.tsm">
            <summary>TemporaryStream管理</summary>
        </member>
        <member name="F:YGZipLib.ZipArcClass.dirSplitChars">
            <summary>ディレクトリの区切り文字</summary>
        </member>
        <member name="F:YGZipLib.ZipArcClass.invFileNameChars">
            <summary>ファイル名として使用不可能な文字</summary>
        </member>
        <member name="F:YGZipLib.ZipArcClass.invPathNameChars">
            <summary>ディレクトリ名として使用不可能な文字</summary>
        </member>
        <member name="F:YGZipLib.ZipArcClass.isStreamDispose">
            <summary>streamの破棄が必要かのフラグ</summary>
        </member>
        <member name="F:YGZipLib.ZipArcClass.addZipSemaphore">
            <summary>同時処理件数制御用セマフォ</summary>
        </member>
        <member name="F:YGZipLib.ZipArcClass.semaphoreCount">
            <summary>セマフォ件数</summary>
        </member>
        <member name="P:YGZipLib.ZipArcClass.Password">
            <summary>
            暗号化パスワード  Default:null
            <para>nullなら暗号化なし</para>
            <para><see cref="P:YGZipLib.ZipArcClass.ZipFileNameEncoding" />でEncodeされます。互換性のためにASCII文字推奨</para>
            </summary>
        </member>
        <member name="P:YGZipLib.ZipArcClass.CompressionOption">
            <summary>
            圧縮オプション  Default:<see cref="F:YGZipLib.ZipArcClass.COMPRESSION_OPTION.DEFLATE" />
            </summary>
            <remarks></remarks>
        </member>
        <member name="P:YGZipLib.ZipArcClass.EncryptionOption">
            <summary>
            暗号化方式(Default:TRADITIONAL)
            </summary>
            <remarks></remarks>
        </member>
        <member name="P:YGZipLib.ZipArcClass.CompressionLevel">
            <summary>
            <see cref="T:System.IO.Compression.CompressionLevel"/>
            </summary>
        </member>
        <member name="P:YGZipLib.ZipArcClass.ZipFileNameEncoding">
            <summary>
            ファイル名・パスワードのエンコーディング  Default:システム規定値(<see cref="P:System.Text.Encoding.Default" />)
            <para>日本語に設定されたWindowsのnet Framework環境の場合shift-jisとなるが、.net core等の環境ではUTF8が規定値となるので、必要な場合は適切なEncodingを指定する</para>
            </summary>
            <remarks></remarks>
        </member>
        <member name="P:YGZipLib.ZipArcClass.DontCompressExtRegExList">
            <summary>
            圧縮せずにそのまま格納する拡張子のパターンリスト  Default:指定なし
            <para>圧縮せずに格納する拡張子を正規表現で指定する</para>
            </summary>
            <returns></returns>
        </member>
        <member name="P:YGZipLib.ZipArcClass.ZipFileCount">
            <summary>
            書庫に格納済みのファイルとディレクトリの総数
            </summary>
            <returns></returns>
        </member>
        <member name="P:YGZipLib.ZipArcClass.ZipFileSize">
            <summary>
            出力済のZIP書庫サイズ
            </summary>
            <returns></returns>
        </member>
        <member name="P:YGZipLib.ZipArcClass.WriteQueueCount">
            <summary>
            ZIPファイルへの書き込み待ち件数
            <para>部分的に大きなファイルが存在する場合や、処理多重度が高すぎてZIPファイルへの出力が間に合っていない場合に大きくなる</para>
            </summary>
            <returns></returns>
        </member>
        <member name="P:YGZipLib.ZipArcClass.CompressionProcs">
            <summary>
            実行中の圧縮プロセス数
            </summary>
        </member>
        <member name="M:YGZipLib.ZipArcClass.#ctor(System.IO.Stream)">
            <summary>
            コンストラクタ 
            </summary>
            <param name="writeStream">
            ZIP書庫出力ストリーム
            </param>
            <remarks></remarks>
        </member>
        <member name="M:YGZipLib.ZipArcClass.#ctor(System.String)">
            <summary>
            コンストラクタ 
            </summary>
            <param name="zipFileName">出力するZIPファイル名(既存ファイルは上書きされます)</param>
            <remarks></remarks>
        </member>
        <member name="M:YGZipLib.ZipArcClass.#ctor(System.IO.Stream,System.Int32,System.String)">
            <summary>
            コンストラクタ (多重度、TemporaryDirectory指定)
            </summary>
            <param name="writeStream">ZIP書庫出力ストリーム</param>
            <param name="semaphoreCount">圧縮処理最大多重度(0の場合は<see cref="P:System.Environment.ProcessorCount" />)</param>
            <param name="tempDirPath">TemporaryFile作成ディレクトリのPath(nullの場合は<see cref="M:System.IO.Path.GetTempPath" />"から取得/&gt;)</param>
            <remarks></remarks>
        </member>
        <member name="M:YGZipLib.ZipArcClass.#ctor(System.String,System.Int32,System.String)">
            <summary>
            コンストラクタ (多重度、TemporaryDirectory指定)
            </summary>
            <param name="zipFileName">出力するZIPファイル名(既存ファイルは上書きされます)</param>
            <param name="semaphoreCount">圧縮処理最大多重度(0の場合は<see cref="P:System.Environment.ProcessorCount" />)</param>
            <param name="tempDirPath">TemporaryFile作成ディレクトリのPath(nullの場合は<see cref="M:System.IO.Path.GetTempPath" />"から取得/&gt;)</param>
            <remarks></remarks>
        </member>
        <member name="M:YGZipLib.ZipArcClass.Init(System.IO.Stream,System.String)">
            <summary>
            初期化
            </summary>
            <param name="st"></param>
            <param name="tempDirPath"></param>
        </member>
        <member name="M:YGZipLib.ZipArcClass.AddNewDirectory(System.String)">
            <summary>
            空のディレクトリを追加する
            </summary>
            <param name="storeDirectoryName">追加するディレクトリ名</param>
            <remarks>
            </remarks>
        </member>
        <member name="M:YGZipLib.ZipArcClass.AddNewDirectoryAsync(System.String)">
            <summary>
            空のディレクトリを追加する
            </summary>
            <param name="storeDirectoryName">追加するディレクトリ名</param>
            <remarks>
            </remarks>
        </member>
        <member name="M:YGZipLib.ZipArcClass.AddNewDirectory(System.String,System.DateTime)">
            <summary>
            空のディレクトリを追加する
            </summary>
            <param name="storeDirectoryName">追加するディレクトリ名</param>
            <param name="timeStamp">ディレクトリのタイムスタンプ</param>
            <remarks>
            </remarks>
        </member>
        <member name="M:YGZipLib.ZipArcClass.AddNewDirectoryAsync(System.String,System.DateTime)">
            <summary>
            空のディレクトリを追加する
            </summary>
            <param name="storeDirectoryName">追加するディレクトリ名</param>
            <param name="timeStamp">ディレクトリのタイムスタンプ</param>
            <remarks>
            </remarks>
        </member>
        <member name="M:YGZipLib.ZipArcClass.AddNewDirectory(System.String,System.DateTime,System.DateTime,System.DateTime)">
            <summary>
            空のディレクトリを追加する
            </summary>
            <param name="storeDirectoryName">追加するディレクトリ名</param>
            <param name="creationTimeStamp">作成日時</param>
            <param name="lastWriteTimeStamp">更新日時</param>
            <param name="lastAccessTimeStamp">アクセス日時</param>
        </member>
        <member name="M:YGZipLib.ZipArcClass.AddNewDirectoryAsync(System.String,System.DateTime,System.DateTime,System.DateTime)">
            <summary>
            空のディレクトリを追加する
            </summary>
            <param name="storeDirectoryName">追加するディレクトリ名</param>
            <param name="creationTimeStamp">作成日時</param>
            <param name="lastWriteTimeStamp">更新日時</param>
            <param name="lastAccessTimeStamp">アクセス日時</param>
        </member>
        <member name="M:YGZipLib.ZipArcClass.AddDirectory(System.String)">
            <summary>
            指定ディレクトリの配下のファイルをすべて書庫に格納する
            </summary>
            <param name="dirPath">格納するフォルダのパス</param>
            <remarks></remarks>
        </member>
        <member name="M:YGZipLib.ZipArcClass.AddDirectoryAsync(System.String)">
            <summary>
            指定ディレクトリの配下のファイルをすべて書庫に格納する
            </summary>
            <param name="dirPath">格納するフォルダのパス</param>
            <remarks></remarks>
        </member>
        <member name="M:YGZipLib.ZipArcClass.AddDirectory(System.String,System.String)">
            <summary>
            指定ディレクトリの配下のファイルをすべて書庫に格納する
            </summary>
            <param name="dirPath">格納するフォルダのパス</param>
            <param name="baseDir">書庫にbaseDirを作成して、配下にディレクトリ構成を格納する。</param>
            <remarks></remarks>
        </member>
        <member name="M:YGZipLib.ZipArcClass.AddDirectoryAsync(System.String,System.String)">
            <summary>
            指定ディレクトリの配下のファイルをすべて書庫に格納する
            </summary>
            <param name="dirPath">格納するフォルダのパス</param>
            <param name="baseDir">書庫にbaseDirを作成して、配下にディレクトリ構成を格納する。</param>
            <remarks></remarks>
        </member>
        <member name="M:YGZipLib.ZipArcClass.AddDirectoryAsync(System.String,System.String,System.Threading.CancellationToken)">
            <summary>
            指定ディレクトリの配下のファイルをすべて書庫に格納する
            </summary>
            <param name="dirPath">格納するフォルダのパス</param>
            <param name="baseDir">書庫にbaseDirを作成して、配下にディレクトリ構成を格納する。</param>
            <param name="cancelToken">キャンセルトークン</param>
            <remarks></remarks>
        </member>
        <member name="M:YGZipLib.ZipArcClass.AddDirectory(System.String,System.String,System.Collections.Generic.List{System.Text.RegularExpressions.Regex},System.Collections.Generic.List{System.Text.RegularExpressions.Regex})">
            <summary>
            指定ディレクトリの配下のファイルをすべて書庫に格納する
            </summary>
            <param name="dirPath">格納するフォルダのパス</param>
            <param name="baseDir">書庫にbaseDirを作成して、配下にディレクトリ構成を格納する。</param>
            <param name="excludeFileNameList">格納対象外とするファイル名の正規表現リスト</param>
            <param name="excludeDirectoryNameList">格納対象外とするディレクトリ名の正規表現リスト</param>
            <remarks></remarks>
        </member>
        <member name="M:YGZipLib.ZipArcClass.AddDirectoryAsync(System.String,System.String,System.Collections.Generic.List{System.Text.RegularExpressions.Regex},System.Collections.Generic.List{System.Text.RegularExpressions.Regex})">
            <summary>
            指定ディレクトリの配下のファイルをすべて書庫に格納する
            </summary>
            <param name="dirPath">格納するフォルダのパス</param>
            <param name="baseDir">書庫にbaseDirを作成して、配下にディレクトリ構成を格納する。</param>
            <param name="excludeFileNameList">格納対象外とするファイル名の正規表現リスト</param>
            <param name="excludeDirectoryNameList">格納対象外とするディレクトリ名の正規表現リスト</param>
            <remarks></remarks>
        </member>
        <member name="M:YGZipLib.ZipArcClass.AddDirectoryAsync(System.String,System.String,System.Collections.Generic.List{System.Text.RegularExpressions.Regex},System.Collections.Generic.List{System.Text.RegularExpressions.Regex},System.Threading.CancellationToken)">
            <summary>
            指定ディレクトリの配下のファイルをすべて書庫に格納する
            </summary>
            <param name="dirPath">格納するフォルダのパス</param>
            <param name="baseDir">書庫にbaseDirを作成して、配下にディレクトリ構成を格納する。</param>
            <param name="excludeFileNameList">格納対象外とするファイル名の正規表現リスト</param>
            <param name="excludeDirectoryNameList">格納対象外とするディレクトリ名の正規表現リスト</param>
            <param name="cancelToken">キャンセルトークン</param>
            <remarks></remarks>
        </member>
        <member name="M:YGZipLib.ZipArcClass.AddFileStream(System.String,System.IO.Stream)">
            <summary>
            ファイルの追加を行う(Stream)
            </summary>
            <param name="storeFileName">格納ファイル名</param>
            <param name="storeStream">追加するストリーム</param>
            <remarks></remarks>
        </member>
        <member name="M:YGZipLib.ZipArcClass.AddFileStreamAsync(System.String,System.IO.Stream)">
            <summary>
            ファイルの追加を行う(Stream)
            </summary>
            <param name="storeFileName">格納ファイル名</param>
            <param name="storeStream">追加するストリーム</param>
            <remarks></remarks>
        </member>
        <member name="M:YGZipLib.ZipArcClass.AddFileStreamAsync(System.String,System.IO.Stream,System.Threading.CancellationToken)">
            <summary>
            ファイルの追加を行う(Stream)
            </summary>
            <param name="storeFileName">格納ファイル名</param>
            <param name="storeStream">追加するストリーム</param>
            <param name="cancelToken">キャンセルトークン</param>
            <remarks></remarks>
        </member>
        <member name="M:YGZipLib.ZipArcClass.AddFileStream(System.String,System.IO.Stream,System.DateTime)">
            <summary>
            ファイルの追加を行う(Stream)
            </summary>
            <param name="storeFileName">格納ファイル名</param>
            <param name="storeStream">追加するファイルのストリーム</param>
            <param name="timeStamp">ファイルのタイムスタンプ</param>
            <remarks></remarks>
        </member>
        <member name="M:YGZipLib.ZipArcClass.AddFileStreamAsync(System.String,System.IO.Stream,System.DateTime)">
            <summary>
            ファイルの追加を行う(Stream)
            </summary>
            <param name="storeFileName">格納ファイル名</param>
            <param name="storeStream">追加するファイルのストリーム</param>
            <param name="timeStamp">ファイルのタイムスタンプ</param>
            <remarks></remarks>
        </member>
        <member name="M:YGZipLib.ZipArcClass.AddFileStreamAsync(System.String,System.IO.Stream,System.DateTime,System.Threading.CancellationToken)">
            <summary>
            ファイルの追加を行う(Stream)
            </summary>
            <param name="storeFileName">格納ファイル名</param>
            <param name="storeStream">追加するファイルのストリーム</param>
            <param name="timeStamp">ファイルのタイムスタンプ</param>
            <param name="cancelToken">キャンセルトークン</param>
            <remarks></remarks>
        </member>
        <member name="M:YGZipLib.ZipArcClass.AddStreamFile(System.String,System.IO.Stream,System.DateTime,System.DateTime,System.DateTime)">
            <summary>
            ファイルの追加を行う(Stream)
            </summary>
            <param name="storeFileName">格納ファイル名</param>
            <param name="storeStream">追加するファイルのストリーム</param>
            <param name="creationTimeStamp">ファイルの作成日時</param>
            <param name="lastWriteTimeStamp">ファイルの更新日時</param>
            <param name="fileAccessTimeStamp">ファイルのアクセス日時</param>
            <remarks></remarks>
        </member>
        <member name="M:YGZipLib.ZipArcClass.AddFileStreamAsync(System.String,System.IO.Stream,System.DateTime,System.DateTime,System.DateTime)">
            <summary>
            ファイルの追加を行う(Stream)
            </summary>
            <param name="storeFileName">格納ファイル名</param>
            <param name="storeStream">追加するファイルのストリーム</param>
            <param name="creationTimeStamp">ファイルの作成日時</param>
            <param name="lastWriteTimeStamp">ファイルの更新日時</param>
            <param name="fileAccessTimeStamp">ファイルのアクセス日時</param>
            <remarks></remarks>
        </member>
        <member name="M:YGZipLib.ZipArcClass.AddFileStreamAsync(System.String,System.IO.Stream,System.DateTime,System.DateTime,System.DateTime,System.Threading.CancellationToken)">
            <summary>
            ファイルの追加を行う(Stream)
            </summary>
            <param name="storeFileName">格納ファイル名</param>
            <param name="storeStream">追加するファイルのストリーム</param>
            <param name="creationTimeStamp">ファイルの作成日時</param>
            <param name="lastWriteTimeStamp">ファイルの更新日時</param>
            <param name="fileAccessTimeStamp">ファイルのアクセス日時</param>
            <param name="cancelToken">キャンセルトークン</param>
            <remarks></remarks>
        </member>
        <member name="M:YGZipLib.ZipArcClass.AddFileBytes(System.String,System.Byte[])">
            <summary>
            ファイルの追加を行う(バイト配列)
            </summary>
            <param name="storeFileName">格納ファイル名</param>
            <param name="byteData">追加するバイト配列</param>
            <remarks></remarks>
        </member>
        <member name="M:YGZipLib.ZipArcClass.AddFileBytesAsync(System.String,System.Byte[])">
            <summary>
            ファイルの追加を行う(バイト配列)
            </summary>
            <param name="storeFileName">格納ファイル名</param>
            <param name="byteData">追加するバイト配列</param>
            <remarks></remarks>
        </member>
        <member name="M:YGZipLib.ZipArcClass.AddFileBytesAsync(System.String,System.Byte[],System.Threading.CancellationToken)">
            <summary>
            ファイルの追加を行う(バイト配列)
            </summary>
            <param name="storeFileName">格納ファイル名</param>
            <param name="byteData">追加するバイト配列</param>
            <param name="cancelToken">キャンセルトークン</param>
            <remarks></remarks>
        </member>
        <member name="M:YGZipLib.ZipArcClass.AddFileBytes(System.String,System.Byte[],System.DateTime)">
            <summary>
            ファイルの追加を行う(バイト配列)
            </summary>
            <param name="storeFileName">格納ファイル名</param>
            <param name="byteData">追加するバイト配列</param>
            <param name="timeStamp">ファイルのタイムスタンプ</param>
            <remarks></remarks>
        </member>
        <member name="M:YGZipLib.ZipArcClass.AddFileBytesAsync(System.String,System.Byte[],System.DateTime)">
            <summary>
            ファイルの追加を行う(バイト配列)
            </summary>
            <param name="storeFileName">格納ファイル名</param>
            <param name="byteData">追加するバイト配列</param>
            <param name="timeStamp">ファイルのタイムスタンプ</param>
            <remarks></remarks>
        </member>
        <member name="M:YGZipLib.ZipArcClass.AddFileBytesAsync(System.String,System.Byte[],System.DateTime,System.Threading.CancellationToken)">
            <summary>
            ファイルの追加を行う(バイト配列)
            </summary>
            <param name="storeFileName">格納ファイル名</param>
            <param name="byteData">追加するバイト配列</param>
            <param name="timeStamp">ファイルのタイムスタンプ</param>
            <param name="cancelToken">キャンセルトークン</param>
            <remarks></remarks>
        </member>
        <member name="M:YGZipLib.ZipArcClass.AddFileBytes(System.String,System.Byte[],System.DateTime,System.DateTime,System.DateTime)">
            <summary>
            ファイルの追加を行う(バイト配列)
            </summary>
            <param name="storeFileName">格納ファイル名</param>
            <param name="byteData">追加するバイト配列</param>
            <param name="creationTimeStamp">ファイルの作成日時</param>
            <param name="lastWriteTimeStamp">ファイルの更新日時</param>
            <param name="fileAccessTimeStamp">ファイルのアクセス日時</param>
            <remarks></remarks>
        </member>
        <member name="M:YGZipLib.ZipArcClass.AddFileBytesAsync(System.String,System.Byte[],System.DateTime,System.DateTime,System.DateTime)">
            <summary>
            ファイルの追加を行う(バイト配列)
            </summary>
            <param name="storeFileName">格納ファイル名</param>
            <param name="byteData">追加するバイト配列</param>
            <param name="creationTimeStamp">ファイルの作成日時</param>
            <param name="lastWriteTimeStamp">ファイルの更新日時</param>
            <param name="fileAccessTimeStamp">ファイルのアクセス日時</param>
            <remarks></remarks>
        </member>
        <member name="M:YGZipLib.ZipArcClass.AddFileBytesAsync(System.String,System.Byte[],System.DateTime,System.DateTime,System.DateTime,System.Threading.CancellationToken)">
            <summary>
            ファイルの追加を行う(バイト配列)
            </summary>
            <param name="storeFileName">格納ファイル名</param>
            <param name="byteData">追加するバイト配列</param>
            <param name="creationTimeStamp">ファイルの作成日時</param>
            <param name="lastWriteTimeStamp">ファイルの更新日時</param>
            <param name="fileAccessTimeStamp">ファイルのアクセス日時</param>
            <param name="cancelToken">キャンセルトークン</param>
            <remarks></remarks>
        </member>
        <member name="M:YGZipLib.ZipArcClass.AddFilePath(System.String)">
            <summary>
            ファイルの追加を行う(ファイル名)
            </summary>
            <param name="filePath">追加するファイルのパス</param>
            <remarks></remarks>
        </member>
        <member name="M:YGZipLib.ZipArcClass.AddFilePathAsync(System.String)">
            <summary>
            ファイルの追加を行う(ファイル名)
            </summary>
            <param name="filePath">追加するファイルのパス</param>
            <remarks></remarks>
        </member>
        <member name="M:YGZipLib.ZipArcClass.AddFilePathAsync(System.String,System.Threading.CancellationToken)">
            <summary>
            ファイルの追加を行う(ファイル名)
            </summary>
            <param name="filePath">追加するファイルのパス</param>
            <param name="cancelToken">キャンセルトークン</param>
            <remarks></remarks>
        </member>
        <member name="M:YGZipLib.ZipArcClass.AddFilePath(System.String,System.String)">
            <summary>
            ファイルの追加を行う(ファイル名)
            </summary>
            <param name="storeFileName">格納ファイル名</param>
            <param name="filePath">追加するファイルのパス</param>
            <remarks></remarks>
        </member>
        <member name="M:YGZipLib.ZipArcClass.AddFilePathAsync(System.String,System.String)">
            <summary>
            ファイルの追加を行う(ファイル名)
            </summary>
            <param name="storeFileName">格納ファイル名</param>
            <param name="filePath">追加するファイルのパス</param>
            <remarks></remarks>
        </member>
        <member name="M:YGZipLib.ZipArcClass.AddFilePathAsync(System.String,System.String,System.Threading.CancellationToken)">
            <summary>
            ファイルの追加を行う(ファイル名)
            </summary>
            <param name="storeFileName">格納ファイル名</param>
            <param name="filePath">追加するファイルのパス</param>
            <param name="cancelToken">キャンセルトークン</param>
            <remarks></remarks>
        </member>
        <member name="M:YGZipLib.ZipArcClass.AddFileInfo(System.IO.FileInfo)">
            <summary>
            ファイルの追加を行う(FileInfo)
            </summary>
            <param name="fileInfo">FileInfo</param>
            <remarks></remarks>
        </member>
        <member name="M:YGZipLib.ZipArcClass.AddFileInfoAsync(System.IO.FileInfo)">
            <summary>
            ファイルの追加を行う(FileInfo)
            </summary>
            <param name="fileInfo">FileInfo</param>
            <remarks></remarks>
        </member>
        <member name="M:YGZipLib.ZipArcClass.AddFileInfoAsync(System.IO.FileInfo,System.Threading.CancellationToken)">
            <summary>
            ファイルの追加を行う(FileInfo)
            </summary>
            <param name="fileInfo">FileInfo</param>
            <param name="cancelToken">キャンセルトークン</param>
            <remarks></remarks>
        </member>
        <member name="M:YGZipLib.ZipArcClass.AddFileInfo(System.String,System.IO.FileInfo)">
            <summary>
            ファイルの追加を行う(FileInfo)
            </summary>
            <param name="storeFileName">格納ファイル名</param>
            <param name="fileInfo">FileInfo</param>
            <remarks></remarks>
        </member>
        <member name="M:YGZipLib.ZipArcClass.AddFileInfoAsync(System.String,System.IO.FileInfo)">
            <summary>
            ファイルの追加を行う(FileInfo)
            </summary>
            <param name="storeFileName">格納ファイル名</param>
            <param name="fileInfo">FileInfo</param>
            <remarks></remarks>
        </member>
        <member name="M:YGZipLib.ZipArcClass.AddFileInfoAsync(System.String,System.IO.FileInfo,System.Threading.CancellationToken)">
            <summary>
            ファイルの追加を行う(FileInfo)
            </summary>
            <param name="storeFileName">格納ファイル名</param>
            <param name="fileInfo">FileInfo</param>
            <param name="cancelToken">キャンセルトークン</param>
            <remarks></remarks>
        </member>
        <member name="M:YGZipLib.ZipArcClass.Finish">
            <summary>
            ZIP書庫の作成を終了する
            <para>ZIP書庫作成終了時に必ず呼び出すこと。ファイルに出力している場合、出力ファイルのクローズを行う</para>
            </summary>
            <remarks>
            </remarks>
        </member>
        <member name="M:YGZipLib.ZipArcClass.FinishAsync">
            <summary>
            ZIP書庫の作成を終了する
            <para>ZIP書庫作成終了時に必ず呼び出すこと。ファイルに出力している場合、出力ファイルのクローズを行う</para>
            </summary>
            <remarks>
            </remarks>
        </member>
        <member name="M:YGZipLib.ZipArcClass.FinishAsync(System.Threading.CancellationToken)">
            <summary>
            ZIP書庫の作成を終了する
            <para>ZIP書庫作成終了時に必ず呼び出すこと。ファイルに出力している場合、出力ファイルのクローズを行う</para>
            </summary>
            <remarks>
            </remarks>
        </member>
        <member name="M:YGZipLib.ZipArcClass.GetSemaphoreCount">
            <summary>
            デフォルトの多重度取得
            </summary>
            <returns></returns>
        </member>
        <member name="M:YGZipLib.ZipArcClass.AddZipDirectoryRecuriveAsync(System.String,System.String,System.Collections.Generic.List{System.Text.RegularExpressions.Regex},System.Collections.Generic.List{System.Text.RegularExpressions.Regex},System.Threading.CancellationToken)">
            <summary>
            ディレクトリを再帰的に書庫に追加する
            </summary>
            <param name="baseDir">書庫に格納する親ディレクトリ</param>
            <param name="dirPath">格納するファイルorディレクトリ</param>
            <param name="excludeDirectoryNameList">格納対象外とするディレクトリの正規表現リスト(一致するディレクトリ以下が格納対象外となる))</param>
            <param name="excludeFileNameList">格納対象外とするファイルの正規表現リスト</param>
            <param name="cancelToken"></param>
            <remarks></remarks>
        </member>
        <member name="M:YGZipLib.ZipArcClass.AddZipDirectoryRecuriveMainAsync(System.String,System.String,System.Collections.Generic.List{System.Text.RegularExpressions.Regex},System.Collections.Generic.List{System.Text.RegularExpressions.Regex},System.Threading.CancellationToken)">
            <summary>
            ディレクトリを再帰的に書庫に追加する
            </summary>
            <param name="baseDir"></param>
            <param name="dirPath"></param>
            <param name="excludeFileNameList"></param>
            <param name="excludeDirectoryNameList"></param>
            <param name="cancelToken"></param>
            <returns></returns>
        </member>
        <member name="M:YGZipLib.ZipArcClass.AddZipDirectory(System.String,System.DateTime,System.DateTime,System.DateTime,System.Threading.CancellationToken)">
            <summary>
            空のディレクトリを追加する
            </summary>
            <param name="directoryName">追加するディレクトリ名</param>
            <param name="creationTimeStamp">ファイルの作成日時</param>
            <param name="lastWriteTimeStamp">ファイルの更新日時</param>
            <param name="lastAccessTimeStamp">ファイルのアクセス日時</param>
            <param name="cancelToken"></param>
            <remarks>正規化後の書庫ルートからの親ディレクトリ</remarks>
        </member>
        <member name="M:YGZipLib.ZipArcClass.AddZipDirectorySub(System.String,System.DateTime,System.DateTime,System.DateTime,System.Threading.CancellationToken)">
            <summary>
            ディレクトリを追加する(Sub)
            </summary>
            <param name="directoryName">追加するディレクトリ名</param>
            <param name="creationTimeStamp">ファイルの作成日時</param>
            <param name="lastWriteTimeStamp">ファイルの更新日時</param>
            <param name="lastAccessTimeStamp">ファイルのアクセス日時</param>
            <param name="cancelToken"></param>
            <remarks></remarks>
        </member>
        <member name="M:YGZipLib.ZipArcClass.AddZipFileAsync(System.String,System.IO.FileInfo,System.String,YGZipLib.ZipArcClass.COMPRESSION_OPTION,YGZipLib.ZipArcClass.ENCRYPTION_OPTION,System.DateTime,System.DateTime,System.DateTime,System.Threading.CancellationToken)">
            <summary>
            書庫にファイルの追加を行う(FileInfo)
            </summary>
            <param name="fileName">ファイル名</param>
            <param name="fi">追加するファイルの情報</param>
            <param name="password">パスワード(Nothingなら暗号化なし)</param>
            <param name="compressionOption"></param>
            <param name="encryptionOption"></param>
            <param name="fileCreateTimestamp">ファイルの作成日時</param>
            <param name="fileModifyTimestamp">ファイルの更新日時</param>
            <param name="fileAccessTimestamp">ファイルのアクセス日時</param>
            <param name="cancelToken"></param>
            <remarks></remarks>
        </member>
        <member name="M:YGZipLib.ZipArcClass.AddZipFileAsync(System.String,System.Byte[],System.String,YGZipLib.ZipArcClass.COMPRESSION_OPTION,YGZipLib.ZipArcClass.ENCRYPTION_OPTION,System.DateTime,System.DateTime,System.DateTime,System.Threading.CancellationToken)">
            <summary>
            書庫にファイルの追加を行う(Byte配列)
            </summary>
            <param name="fileName">ファイル名</param>
            <param name="byteData">追加するバイト配列</param>
            <param name="password">パスワード(Nothingなら暗号化なし)</param>
            <param name="compressionOption"></param>
            <param name="encryptionOption"></param>
            <param name="fileCreateTimestamp">ファイルの作成日時</param>
            <param name="fileModifyTimestamp">ファイルの更新日時</param>
            <param name="fileAccessTimestamp">ファイルのアクセス日時</param>
            <param name="cancelToken"></param>
            <remarks></remarks>
        </member>
        <member name="M:YGZipLib.ZipArcClass.AddZipFileAsync(System.String,System.IO.Stream,System.String,YGZipLib.ZipArcClass.COMPRESSION_OPTION,YGZipLib.ZipArcClass.ENCRYPTION_OPTION,System.DateTime,System.DateTime,System.DateTime,System.Threading.CancellationToken)">
            <summary>
            書庫にファイルの追加を行う(FileStream)
            </summary>
            <param name="fileName">ファイル名</param>
            <param name="fileStream">追加するファイルのストリーム</param>
            <param name="password">パスワード(Nothingなら暗号化なし)</param>
            <param name="compressionOption"></param>
            <param name="encryptionOption"></param>
            <param name="fileCreateTimestamp">ファイルの作成日時</param>
            <param name="fileModifyTimestamp">ファイルの更新日時</param>
            <param name="fileAccessTimestamp">ファイルのアクセス日時</param>
            <param name="cancelToken"></param>
            <remarks></remarks>
        </member>
        <member name="M:YGZipLib.ZipArcClass.EditPartInfo(System.String,System.String,YGZipLib.ZipArcClass.COMPRESSION_OPTION,YGZipLib.ZipArcClass.ENCRYPTION_OPTION,System.DateTime,System.DateTime,System.DateTime,System.Threading.CancellationToken)">
            <summary>
            PartInfo編集
            </summary>
            <param name="fileName"></param>
            <param name="password"></param>
            <param name="compressionOption"></param>
            <param name="encryptionOption"></param>
            <param name="fileCreateTimestamp"></param>
            <param name="fileModifyTimestamp"></param>
            <param name="fileAccessTimestamp"></param>
            <param name="cancelToken"></param>
            <returns></returns>
            <remarks></remarks>
        </member>
        <member name="M:YGZipLib.ZipArcClass.AddZipDirectorySub(YGZipLib.Common.PartInfoClass,System.Threading.CancellationToken)">
            <summary>
            ZIP書庫の個別ディレクトリ作成サブ
            </summary>
            <param name="partInfo"></param>
            <param name="cancelToken"></param>
        </member>
        <member name="M:YGZipLib.ZipArcClass.AddZipFileAsyncSubAsync(YGZipLib.Common.PartInfoClass,System.IO.Stream,System.Threading.CancellationToken)">
            <summary>
            ZIP書庫の個別ファイル作成サブ(ファイル用)
            </summary>
            <param name="partInfo"></param>
            <param name="fileStream"></param>
            <param name="cancelToken"></param>
        </member>
        <member name="M:YGZipLib.ZipArcClass.WriteTempStreamAsync(System.IO.Stream,System.IO.Stream,YGZipLib.Common.PartInfoClass,System.Threading.CancellationToken)">
            <summary>
            テンポラリストリームに一ファイル分圧縮して出力する
            </summary>
            <returns></returns>
            <remarks></remarks>
        </member>
        <member name="M:YGZipLib.ZipArcClass.EditExtraData(YGZipLib.Common.PartInfoClass)">
            <summary>
            ExtraData編集
            </summary>
            <param name="partInfo"></param>
            <remarks></remarks>
        </member>
        <member name="M:YGZipLib.ZipArcClass.EditZip64ExtraData(YGZipLib.Common.PartInfoClass,YGZipLib.Common.ZipHeader.PK0708Info)">
            <summary>
            Zip64ExtraDataInfoの編集
            </summary>
            <param name="partInfo"></param>
            <param name="pk0708work"></param>
            <remarks></remarks>
        </member>
        <member name="M:YGZipLib.ZipArcClass.EditPK0102(YGZipLib.Common.PartInfoClass)">
            <summary>
            セントラルディレクトリ編集
            </summary>
            <param name="partInfo"></param>
            <remarks></remarks>
        </member>
        <member name="M:YGZipLib.ZipArcClass.EditPK0304(YGZipLib.Common.PartInfoClass,YGZipLib.Common.ZipHeader.PK0708Info)">
            <summary>
            ローカルファイルヘッダ編集
            </summary>
            <param name="partInfo"></param>
            <param name="pk0708"></param>
            <remarks></remarks>
        </member>
        <member name="M:YGZipLib.ZipArcClass.EditPK0708(YGZipLib.Common.PartInfoClass,YGZipLib.Common.ZipHeader.PK0708Info)">
            <summary>
            DataDescriptor編集
            </summary>
            <param name="partInfo"></param>
            <param name="pk0708Work"></param>
            <remarks></remarks>
        </member>
        <member name="M:YGZipLib.ZipArcClass.AddQueue(YGZipLib.Common.PartInfoClass,System.IO.Stream,System.Threading.CancellationToken)">
            <summary>
            ベースストリームへの書き出しキュー追加
            </summary>
            <param name="partInfo"></param>
            <param name="stream"></param>
            <param name="cancelToken"></param>
        </member>
        <member name="M:YGZipLib.ZipArcClass.WriteBaseStreamAsync(System.Threading.CancellationToken)">
            <summary>
            BASEストリームへの非同期書込み
            </summary>
            <returns></returns>
        </member>
        <member name="M:YGZipLib.ZipArcClass.Dispose(System.Boolean)">
            <summary>
            Dispose
            </summary>
            <param name="disposing"></param>
        </member>
        <member name="M:YGZipLib.ZipArcClass.Dispose">
            <summary>
            Dispose
            </summary>
        </member>
    </members>
</doc>
